duration,distance,place,type
14:39:12,1036.23,SÃO PAULO,VUC
13:40:21,887.25,SÃO PAULO,TOCO
13:11:51,854.96,SÃO PAULO,TOCO
14:06:40,842.5,SÃO PAULO,TOCO
13:53:13,839.72,SÃO PAULO,TOCO
13:32:06,829.45,DUQUE DE CAXIAS,TOCO
12:28:26,820.08,SÃO PAULO,TOCO
13:34:03,807.63,SÃO PAULO,TOCO
12:08:19,793.15,SÃO PAULO,TOCO
12:08:42,792.46,SÃO PAULO,VUC
12:12:08,776.27,SÃO PAULO,VUC
11:38:40,750.05,SÃO PAULO,TOCO
11:56:19,723.08,SÃO PAULO,TOCO
11:49:06,721.99,SÃO PAULO,VUC
11:22:29,715.07,SÃO PAULO,TOCO
12:39:00,713.06,SÃO PAULO,TOCO
11:24:52,710.49,SÃO PAULO,TOCO
11:29:07,703.42,SÃO PAULO,TOCO
11:19:47,699.77,SÃO PAULO,TOCO
12:00:24,699.62,VITÓRIA,VUC
09:40:20,697.12,VITÓRIA,VUC
11:54:18,693.28,SÃO PAULO,TOCO
10:31:11,689.58,SÃO PAULO,TOCO
12:58:04,688.14,SÃO PAULO,TOCO
11:25:31,680.1,SÃO PAULO,TOCO
11:44:58,672.2,VITÓRIA,VUC
11:38:30,651.0,DUQUE DE CAXIAS,VUC
09:51:40,650.91,SÃO PAULO,TOCO
09:20:50,641.5,VITÓRIA,VUC
10:56:51,638.74,SÃO PAULO,TOCO
10:48:00,632.9,SÃO PAULO,TOCO
10:43:54,619.39,DUQUE DE CAXIAS,VUC
09:53:30,613.7,SÃO PAULO,TOCO
09:25:11,613.29,SÃO PAULO,TOCO
09:51:47,607.1,SÃO PAULO,TOCO
10:17:27,606.92,DUQUE DE CAXIAS,VUC
10:28:31,605.97,SÃO PAULO,TOCO
09:26:40,605.75,SÃO PAULO,TOCO
09:33:21,605.71,SÃO PAULO,TOCO
09:04:38,604.85,SÃO PAULO,TOCO
09:11:22,604.1,SÃO PAULO,TOCO
10:05:10,599.32,SÃO PAULO,TOCO
09:51:40,596.28,SÃO PAULO,TOCO
10:49:22,596.06,DUQUE DE CAXIAS,VUC
11:13:43,593.88,DUQUE DE CAXIAS,VUC
09:49:51,593.23,SÃO PAULO,TOCO
10:51:14,588.55,MACAÉ,CARRETA
09:31:02,587.39,SÃO PAULO,TOCO
09:14:58,587.32,SÃO PAULO,TOCO
08:12:36,586.81,SÃO PAULO,VUC
09:14:09,586.45,SÃO PAULO,TOCO
09:08:15,585.95,SÃO PAULO,VUC
08:37:32,582.83,SÃO PAULO,TOCO
09:19:37,576.5,VITÓRIA,VUC
09:00:05,575.91,SÃO PAULO,TOCO
09:28:29,575.17,SÃO PAULO,TOCO
08:36:59,571.92,SÃO PAULO,VUC
11:32:16,558.19,DUQUE DE CAXIAS,VUC
10:21:23,554.48,MACAÉ,CARRETA
08:30:14,550.85,SÃO PAULO,TOCO
08:25:40,547.93,SÃO PAULO,TOCO
08:36:14,546.78,SÃO PAULO,TOCO
10:36:55,546.65,MACAÉ,CARRETA
10:17:57,546.61,MACAÉ,CARRETA
08:20:15,546.18,SÃO PAULO,TOCO
09:03:34,545.14,DUQUE DE CAXIAS,TOCO
09:28:09,544.46,MACAÉ,CARRETA
09:38:58,543.9,MACAÉ,CARRETA
10:11:23,543.14,DUQUE DE CAXIAS,VUC
08:06:33,537.18,SÃO PAULO,TOCO
10:00:51,536.73,DUQUE DE CAXIAS,VUC
09:35:53,532.4,SÃO PAULO,TOCO
10:10:08,531.3,DUQUE DE CAXIAS,CARRETA
09:39:09,530.17,SÃO PAULO,TOCO
09:44:03,530.16,DUQUE DE CAXIAS,VUC
10:56:13,529.51,MACAÉ,CARRETA
08:41:58,523.31,SÃO PAULO,TOCO
09:49:56,522.47,DUQUE DE CAXIAS,VUC
09:50:06,520.37,DUQUE DE CAXIAS,VUC
08:56:08,519.01,SÃO PAULO,TOCO
10:41:27,517.61,DUQUE DE CAXIAS,CARRETA
09:50:13,512.45,MACAÉ,CARRETA
09:33:50,511.89,DUQUE DE CAXIAS,CARRETA
08:18:54,509.96,SÃO PAULO,TOCO
08:16:29,505.38,SÃO PAULO,TOCO
08:41:10,504.56,SÃO PAULO,TOCO
09:43:43,504.31,MACAÉ,CARRETA
07:16:48,500.69,SÃO PAULO,TOCO
09:15:15,500.43,SÃO PAULO,TOCO
10:46:02,499.48,DUQUE DE CAXIAS,VUC
07:33:11,495.71,SÃO PAULO,TOCO
07:19:12,495.12,SÃO PAULO,TOCO
09:10:01,494.12,DUQUE DE CAXIAS,CARRETA
07:28:46,493.96,SÃO PAULO,TOCO
09:49:45,487.6,DUQUE DE CAXIAS,VUC
09:37:34,486.6,DUQUE DE CAXIAS,VUC
08:48:18,484.73,SÃO PAULO,TOCO
10:36:20,484.21,DUQUE DE CAXIAS,VUC
09:03:46,483.88,SÃO PAULO,TOCO
08:20:59,480.37,SÃO PAULO,TOCO
08:37:42,477.05,MACAÉ,CARRETA
08:12:13,476.11,SÃO PAULO,TOCO
07:11:02,475.0,SÃO PAULO,TOCO
09:11:08,473.17,DUQUE DE CAXIAS,CARRETA
10:03:59,467.94,MACAÉ,CARRETA
09:19:53,467.72,SÃO PAULO,TOCO
09:48:33,467.72,DUQUE DE CAXIAS,CARRETA
09:31:48,464.27,SÃO PAULO,VUC
07:49:00,461.72,DUQUE DE CAXIAS,TOCO
08:10:06,460.88,SÃO PAULO,TOCO
08:17:56,460.81,MACAÉ,CARRETA
08:25:35,458.44,SÃO PAULO,VUC
10:48:05,458.31,VITÓRIA,VUC
07:08:46,457.35,SÃO PAULO,VUC
06:07:10,456.75,SÃO PAULO,VUC
08:07:32,456.32,SÃO PAULO,TOCO
09:04:18,455.94,MACAÉ,CARRETA
09:52:37,453.48,DUQUE DE CAXIAS,VUC
06:58:21,450.57,SÃO PAULO,TOCO
08:04:06,450.32,SÃO PAULO,VUC
07:51:02,449.2,MACAÉ,CARRETA
09:05:38,443.76,SÃO PAULO,TOCO
07:00:11,442.88,SÃO PAULO,VUC
10:17:41,442.86,MACAÉ,CARRETA
07:35:48,440.87,SÃO PAULO,VUC
08:23:15,435.98,MACAÉ,CARRETA
08:57:18,431.3,SÃO PAULO,VUC
06:39:23,431.14,VITÓRIA,VUC
07:14:05,430.14,SÃO PAULO,VUC
09:28:16,429.03,MACAÉ,CARRETA
08:06:56,428.7,MACAÉ,CARRETA
07:20:11,428.15,DUQUE DE CAXIAS,VUC
08:32:53,427.78,DUQUE DE CAXIAS,CARRETA
07:42:12,425.42,SÃO PAULO,TOCO
07:29:14,421.31,SÃO PAULO,TOCO
09:31:03,421.19,DUQUE DE CAXIAS,TOCO
08:15:45,416.05,SÃO PAULO,TOCO
08:24:07,415.82,DUQUE DE CAXIAS,CARRETA
07:57:58,413.13,DUQUE DE CAXIAS,TOCO
08:22:27,413.0,SÃO PAULO,TOCO
07:02:10,411.86,SÃO PAULO,VUC
06:53:48,410.4,SÃO PAULO,TOCO
07:48:11,410.24,SÃO PAULO,VUC
06:30:55,409.46,SÃO PAULO,TOCO
06:41:45,408.34,DUQUE DE CAXIAS,TOCO
06:16:55,407.18,SÃO PAULO,TOCO
06:01:58,406.65,SÃO PAULO,TOCO
06:03:24,406.59,SÃO PAULO,TOCO
06:15:26,406.39,SÃO PAULO,TOCO
06:25:55,406.32,SÃO PAULO,TOCO
09:00:51,406.28,SÃO PAULO,TOCO
06:03:12,405.81,SÃO PAULO,TOCO
07:29:30,405.75,DUQUE DE CAXIAS,TOCO
05:57:36,405.2,SÃO PAULO,TOCO
08:41:46,404.77,MACAÉ,CARRETA
06:22:32,404.39,DUQUE DE CAXIAS,TOCO
07:15:56,404.14,SÃO PAULO,TOCO
05:47:34,404.12,SÃO PAULO,TOCO
09:18:35,402.83,VITÓRIA,VUC
08:21:41,402.33,SÃO PAULO,VUC
07:13:22,401.22,SÃO PAULO,TOCO
08:18:45,397.73,VITÓRIA,VUC
07:15:32,397.56,SÃO PAULO,VUC
05:51:49,396.09,SÃO PAULO,TOCO
07:26:10,395.7,DUQUE DE CAXIAS,VUC
06:09:12,395.65,SÃO PAULO,VUC
07:12:47,395.4,SÃO PAULO,VUC
08:57:41,394.09,DUQUE DE CAXIAS,VUC
06:06:21,392.52,SÃO PAULO,TOCO
05:52:48,392.42,SÃO PAULO,TOCO
06:16:02,391.92,SÃO PAULO,TOCO
07:48:11,391.9,MACAÉ,CARRETA
07:33:57,388.39,MACAÉ,CARRETA
08:47:00,386.49,DUQUE DE CAXIAS,TOCO
07:07:40,385.73,VITÓRIA,VUC
05:25:57,385.23,SÃO PAULO,VUC
07:46:55,385.22,SÃO PAULO,VUC
08:42:08,383.49,DUQUE DE CAXIAS,VUC
07:35:40,381.3,VITÓRIA,VUC
08:49:19,381.26,SÃO PAULO,VUC
07:06:48,380.68,SÃO PAULO,VUC
07:07:38,379.3,SÃO PAULO,TOCO
09:53:06,378.55,RISER,CARRETA
07:29:58,378.3,VITÓRIA,VUC
10:28:39,377.1,MACAÉ,VUC
08:06:59,375.82,SÃO PAULO,VUC
08:06:42,375.68,MACAÉ,CARRETA
06:57:15,375.01,SÃO PAULO,VUC
08:08:26,374.49,SÃO PAULO,VUC
06:33:59,372.66,SÃO PAULO,TOCO
09:32:52,372.61,VITÓRIA,VUC
07:50:58,369.88,DUQUE DE CAXIAS,TOCO
06:36:24,368.58,DUQUE DE CAXIAS,TOCO
06:15:11,366.84,VITÓRIA,VUC
05:05:32,365.41,SÃO PAULO,TOCO
07:24:04,365.22,DUQUE DE CAXIAS,VUC
08:25:50,364.89,DUQUE DE CAXIAS,VUC
10:10:38,363.91,MACAÉ,CARRETA
06:12:27,363.63,SÃO PAULO,TOCO
07:54:22,363.26,DUQUE DE CAXIAS,CARRETA
07:40:03,363.18,MACAÉ,CARRETA
08:30:15,362.92,MACAÉ,CARRETA
07:52:42,362.23,MACAÉ,CARRETA
06:30:35,362.05,DUQUE DE CAXIAS,TOCO
07:54:08,360.68,MACAÉ,CARRETA
07:14:37,360.16,DUQUE DE CAXIAS,VUC
06:00:43,359.31,VITÓRIA,VUC
05:39:41,356.02,SÃO PAULO,TOCO
07:15:36,354.83,MACAÉ,CARRETA
07:48:26,354.6,MACAÉ,CARRETA
07:19:05,353.9,MACAÉ,CARRETA
06:15:05,353.78,SÃO PAULO,VUC
07:48:14,352.34,SÃO PAULO,TOCO
06:57:59,351.0,SÃO PAULO,VUC
07:53:23,350.35,SÃO PAULO,VUC
06:24:28,350.33,MACAÉ,CARRETA
08:26:57,349.79,RISER,CARRETA
06:08:00,349.02,SÃO PAULO,VUC
06:21:26,348.84,VITÓRIA,VUC
07:53:25,348.57,DUQUE DE CAXIAS,VUC
06:57:32,348.31,MACAÉ,CARRETA
06:09:28,347.72,VITÓRIA,VUC
06:05:14,347.57,MACAÉ,CARRETA
06:46:40,347.25,MACAÉ,CARRETA
08:08:18,346.77,MACAÉ,VUC
05:49:03,346.68,SÃO PAULO,VUC
07:23:43,345.43,MACAÉ,CARRETA
08:55:21,345.34,RISER,CARRETA
07:48:35,345.33,MACAÉ,CARRETA
06:53:03,345.23,SÃO PAULO,VUC
07:42:48,341.24,SÃO PAULO,VUC
05:55:04,340.81,MACAÉ,CARRETA
06:13:32,340.51,MACAÉ,CARRETA
06:03:14,340.38,SÃO PAULO,TOCO
06:44:17,340.1,MACAÉ,CARRETA
07:08:47,338.77,MACAÉ,CARRETA
06:26:40,338.35,SÃO PAULO,VUC
08:05:10,338.31,VITÓRIA,VUC
06:12:19,338.27,VITÓRIA,VUC
07:48:06,337.03,MACAÉ,CARRETA
06:58:01,336.24,SÃO PAULO,TOCO
05:44:53,334.93,VITÓRIA,VUC
05:18:09,334.68,VITÓRIA,VUC
05:36:55,334.02,SÃO PAULO,TOCO
07:48:04,333.49,MACAÉ,CARRETA
06:37:28,332.98,SÃO PAULO,VUC
06:53:03,332.52,SÃO PAULO,VUC
05:53:35,332.14,MACAÉ,CARRETA
08:50:00,331.98,DUQUE DE CAXIAS,VUC
06:43:30,331.02,SÃO PAULO,VUC
05:44:51,330.68,SÃO PAULO,TOCO
07:01:34,330.35,SÃO PAULO,VUC
08:35:58,330.03,DUQUE DE CAXIAS,VUC
06:05:46,328.3,VITÓRIA,VUC
06:43:23,326.27,DUQUE DE CAXIAS,VUC
06:51:25,325.92,MACAÉ,CARRETA
07:00:20,325.92,MACAÉ,CARRETA
07:02:01,325.42,MACAÉ,CARRETA
07:11:29,322.82,MACAÉ,CARRETA
04:40:00,322.78,SÃO PAULO,TOCO
06:28:37,322.78,MACAÉ,CARRETA
07:05:05,322.42,SÃO PAULO,TOCO
05:07:20,322.27,SÃO PAULO,TOCO
04:46:29,321.85,SÃO PAULO,TOCO
06:49:33,321.46,MACAÉ,CARRETA
05:48:27,319.7,VITÓRIA,VUC
04:53:23,318.81,SÃO PAULO,TOCO
05:56:56,318.3,SÃO PAULO,VUC
06:19:15,317.52,SÃO PAULO,TOCO
05:53:04,317.39,SÃO PAULO,VUC
06:48:48,315.78,SÃO PAULO,TOCO
07:31:45,314.57,MACAÉ,CARRETA
06:03:50,314.52,MACAÉ,CARRETA
04:45:28,313.82,SÃO PAULO,TOCO
06:07:50,312.8,SÃO PAULO,TOCO
05:49:24,312.51,SÃO PAULO,VUC
06:31:49,312.32,MACAÉ,CARRETA
06:01:09,311.37,SÃO PAULO,VUC
06:43:01,311.29,SÃO PAULO,VUC
06:32:12,311.27,DUQUE DE CAXIAS,VUC
05:35:24,310.86,SÃO PAULO,TOCO
07:26:05,310.75,SÃO PAULO,VUC
07:26:06,310.13,SÃO PAULO,TOCO
06:03:30,309.56,SÃO PAULO,TOCO
07:01:57,309.26,SÃO PAULO,VUC
07:25:00,308.71,SÃO PAULO,TOCO
06:20:53,308.4,SÃO PAULO,TOCO
05:54:01,307.92,SÃO PAULO,VUC
05:33:39,306.47,DUQUE DE CAXIAS,VUC
07:14:55,306.24,SÃO PAULO,VUC
04:34:14,305.79,SÃO PAULO,TOCO
07:19:45,305.67,DUQUE DE CAXIAS,TOCO
07:30:09,305.31,SÃO PAULO,TOCO
05:54:25,303.48,SÃO PAULO,VUC
04:44:12,303.08,SÃO PAULO,TOCO
07:10:13,302.53,DUQUE DE CAXIAS,VUC
05:43:15,302.41,SÃO PAULO,TOCO
07:04:05,301.81,RISER,CARRETA
05:03:33,301.5,SÃO PAULO,VUC
06:18:07,299.58,DUQUE DE CAXIAS,VUC
05:46:16,297.97,MACAÉ,VUC
05:49:56,295.44,DUQUE DE CAXIAS,VUC
05:36:11,295.25,SÃO PAULO,VUC
05:56:51,294.97,SÃO PAULO,VUC
05:38:15,294.97,SÃO PAULO,TOCO
06:46:42,294.46,SÃO PAULO,VUC
07:43:33,294.28,SÃO PAULO,TOCO
07:47:56,292.64,RISER,CARRETA
06:02:31,292.5,VITÓRIA,VUC
06:38:10,292.07,MACAÉ,CARRETA
05:54:56,292.0,MACAÉ,CARRETA
06:42:44,291.78,MACAÉ,CARRETA
06:56:15,291.41,SÃO PAULO,VUC
07:03:29,288.94,DUQUE DE CAXIAS,VUC
07:13:31,287.42,DUQUE DE CAXIAS,TOCO
05:43:56,285.47,SÃO PAULO,VUC
06:50:11,285.28,SÃO PAULO,TOCO
07:40:26,283.7,SÃO PAULO,VUC
07:10:31,283.2,MACAÉ,CARRETA
07:56:15,282.32,MACAÉ,CARRETA
06:08:34,281.99,SÃO PAULO,TOCO
05:42:54,281.59,MACAÉ,CARRETA
05:58:17,281.39,MACAÉ,CARRETA
05:46:06,279.8,SÃO PAULO,TOCO
06:34:25,279.48,SÃO PAULO,VUC
04:11:39,279.42,SÃO PAULO,TOCO
06:26:30,278.79,SÃO PAULO,VUC
06:48:04,277.75,MACAÉ,CARRETA
07:02:06,277.51,MACAÉ,CARRETA
06:02:02,276.83,SÃO PAULO,VUC
07:04:00,276.61,SÃO PAULO,VUC
04:58:41,276.23,SÃO PAULO,VUC
05:41:58,275.57,SÃO PAULO,VUC
06:45:32,275.04,MACAÉ,CARRETA
05:58:22,274.92,SÃO PAULO,VUC
04:51:14,273.83,MACAÉ,VUC
05:39:48,273.62,MACAÉ,CARRETA
05:12:41,273.33,SÃO PAULO,VUC
07:04:18,272.79,MACAÉ,CARRETA
06:14:39,271.32,DUQUE DE CAXIAS,VUC
08:23:26,271.25,VITÓRIA,VUC
06:09:25,271.1,MACAÉ,CARRETA
06:18:58,270.86,SÃO PAULO,VUC
05:41:37,269.67,MACAÉ,CARRETA
05:26:31,269.29,VITÓRIA,VUC
04:06:53,268.85,SÃO PAULO,TOCO
04:22:25,268.79,SÃO PAULO,TOCO
06:46:51,267.5,MACAÉ,CARRETA
05:20:07,267.44,SÃO PAULO,TOCO
05:39:52,267.17,SÃO PAULO,VUC
06:46:31,266.25,SÃO PAULO,VUC
06:43:58,264.95,RISER,CARRETA
06:03:12,264.81,SÃO PAULO,VUC
06:13:38,264.25,MACAÉ,CARRETA
09:37:05,264.17,DUQUE DE CAXIAS,VUC
06:23:54,264.03,DUQUE DE CAXIAS,CARRETA
06:45:34,263.94,DUQUE DE CAXIAS,VUC
06:58:14,263.32,SÃO PAULO,VUC
05:46:22,263.16,SÃO PAULO,TOCO
05:45:45,262.83,DUQUE DE CAXIAS,CARRETA
06:00:15,262.27,SÃO PAULO,VUC
07:29:14,261.85,MACAÉ,CARRETA
05:20:39,260.97,DUQUE DE CAXIAS,VUC
05:18:19,260.38,MACAÉ,CARRETA
05:19:40,259.28,SÃO PAULO,TOCO
05:23:47,259.13,MACAÉ,CARRETA
06:10:40,258.81,DUQUE DE CAXIAS,VUC
05:13:08,258.14,MACAÉ,CARRETA
07:03:15,257.69,SÃO PAULO,VUC
05:43:56,257.5,MACAÉ,CARRETA
04:03:27,257.48,SÃO PAULO,TOCO
08:38:39,257.36,SÃO PAULO,VUC
08:33:53,256.96,MACAÉ,CARRETA
05:59:04,256.75,SÃO PAULO,TOCO
05:13:30,255.87,VITÓRIA,VUC
04:22:39,254.49,DUQUE DE CAXIAS,VUC
06:45:12,254.0,SÃO PAULO,VUC
05:16:37,253.68,SÃO PAULO,TOCO
07:00:49,253.33,MACAÉ,CARRETA
05:50:34,253.19,MACAÉ,CARRETA
05:48:33,252.98,SÃO PAULO,VUC
05:51:16,252.57,SÃO PAULO,TOCO
05:49:59,252.55,MACAÉ,CARRETA
05:35:27,251.93,SÃO PAULO,VUC
06:01:56,251.44,MACAÉ,CARRETA
06:54:49,251.37,SÃO PAULO,TOCO
05:42:22,250.74,SÃO PAULO,TOCO
04:59:13,250.66,DUQUE DE CAXIAS,VUC
05:09:12,250.57,SÃO PAULO,TOCO
06:24:17,249.89,SÃO PAULO,VUC
05:33:53,247.52,SÃO PAULO,VUC
06:20:28,247.51,SÃO PAULO,VUC
05:51:27,246.76,SÃO PAULO,VUC
06:01:33,246.53,DUQUE DE CAXIAS,TOCO
06:35:23,245.04,DUQUE DE CAXIAS,VUC
04:54:36,243.92,MACAÉ,CARRETA
05:12:55,243.73,MACAÉ,CARRETA
05:43:48,242.98,MACAÉ,CARRETA
05:33:31,242.11,SÃO PAULO,TOCO
05:52:20,241.74,MACAÉ,CARRETA
05:40:01,241.43,MACAÉ,CARRETA
05:22:07,241.41,SÃO PAULO,TOCO
06:56:00,241.34,MACAÉ,CARRETA
05:55:32,240.6,MACAÉ,CARRETA
07:22:37,240.32,DUQUE DE CAXIAS,TOCO
05:40:10,240.14,DUQUE DE CAXIAS,VUC
05:49:07,239.99,DUQUE DE CAXIAS,VUC
05:08:58,239.85,DUQUE DE CAXIAS,TOCO
06:10:53,239.13,SÃO PAULO,TOCO
05:07:15,238.8,CBO INTEGRA,TOCO
06:51:05,238.16,DUQUE DE CAXIAS,TOCO
05:34:05,237.52,DUQUE DE CAXIAS,VUC
07:42:07,237.34,DUQUE DE CAXIAS,TOCO
04:06:31,236.69,SÃO PAULO,TOCO
04:12:51,235.75,MACAÉ,CARRETA
08:06:16,235.61,DUQUE DE CAXIAS,TOCO
04:25:39,235.58,DUQUE DE CAXIAS,CARRETA
04:45:31,235.14,SÃO PAULO,VUC
03:34:27,235.06,SÃO PAULO,TOCO
05:46:54,233.95,DUQUE DE CAXIAS,TOCO
04:50:58,233.51,DUQUE DE CAXIAS,TOCO
06:49:43,233.48,SÃO PAULO,TOCO
06:59:22,233.17,MACAÉ,VUC
04:49:22,232.98,MACAÉ,CARRETA
05:20:50,232.74,MACAÉ,CARRETA
05:33:59,232.55,MACAÉ,CARRETA
04:07:15,231.96,DUQUE DE CAXIAS,TOCO
04:43:29,231.66,MACAÉ,CARRETA
04:55:38,231.51,SÃO PAULO,VUC
06:25:23,231.32,SÃO PAULO,VUC
04:51:11,230.39,SÃO PAULO,TOCO
04:31:15,230.37,DUQUE DE CAXIAS,TOCO
07:22:22,229.71,DUQUE DE CAXIAS,TOCO
07:05:06,229.48,SÃO PAULO,VUC
04:42:07,229.29,SÃO PAULO,TOCO
06:50:20,229.04,DUQUE DE CAXIAS,VUC
06:18:40,228.72,DUQUE DE CAXIAS,CARRETA
04:46:20,227.82,DUQUE DE CAXIAS,TOCO
05:34:11,226.79,MACAÉ,CARRETA
06:53:16,226.72,RISER,CARRETA
06:47:55,226.67,RISER,CARRETA
1900-01-01 16:00:31,226.51,DUQUE DE CAXIAS,TOCO
08:27:07,225.94,DUQUE DE CAXIAS,VUC
04:59:39,225.16,MACAÉ,CARRETA
07:51:28,224.89,SÃO PAULO,TOCO
06:35:24,224.2,DUQUE DE CAXIAS,VUC
04:35:22,223.51,CBO INTEGRA,TOCO
05:56:24,223.35,MACAÉ,CARRETA
05:40:23,221.33,MACAÉ,CARRETA
04:33:28,220.93,SÃO PAULO,TOCO
07:13:15,220.36,CBO INTEGRA,VUC
06:18:34,220.33,SÃO PAULO,VUC
04:16:43,219.14,SÃO PAULO,TOCO
06:27:22,218.57,MACAÉ,CARRETA
05:47:41,218.11,DUQUE DE CAXIAS,VUC
04:05:28,217.55,DUQUE DE CAXIAS,VUC
05:37:40,217.52,SÃO PAULO,VUC
06:47:41,217.48,RISER,CARRETA
05:34:21,217.32,SÃO PAULO,VUC
07:35:35,216.53,RISER,CARRETA
03:12:31,216.5,SÃO PAULO,TOCO
04:45:44,216.38,DUQUE DE CAXIAS,TOCO
04:59:18,216.28,MACAÉ,CARRETA
04:41:23,215.44,MACAÉ,CARRETA
04:03:51,215.07,DUQUE DE CAXIAS,TOCO
05:30:23,214.86,MACAÉ,CARRETA
03:17:49,213.47,DUQUE DE CAXIAS,VUC
03:57:18,213.13,DUQUE DE CAXIAS,VUC
05:13:38,212.66,MACAÉ,CARRETA
05:17:06,211.95,DUQUE DE CAXIAS,CARRETA
04:27:59,211.84,MACAÉ,CARRETA
05:35:08,211.67,MACAÉ,CARRETA
05:30:12,211.43,MACAÉ,CARRETA
05:27:28,210.72,MACAÉ,CARRETA
05:14:14,210.4,SÃO PAULO,VUC
06:13:43,209.26,MACAÉ,CARRETA
04:09:30,208.86,MACAÉ,CARRETA
04:28:24,208.29,MACAÉ,CARRETA
04:06:25,208.25,DUQUE DE CAXIAS,VUC
05:11:53,208.18,DUQUE DE CAXIAS,TOCO
03:44:28,208.13,CBO INTEGRA,VUC
08:37:18,208.06,DUQUE DE CAXIAS,VUC
05:13:24,207.52,DUQUE DE CAXIAS,VUC
06:24:49,207.18,SÃO PAULO,TOCO
04:52:20,207.09,SÃO PAULO,TOCO
06:00:22,206.75,SÃO PAULO,VUC
03:53:25,206.35,DUQUE DE CAXIAS,TOCO
04:54:18,206.11,MACAÉ,CARRETA
04:10:07,205.42,MACAÉ,CARRETA
03:50:45,205.38,RISER,CARRETA
07:50:35,205.21,DUQUE DE CAXIAS,TOCO
03:43:00,205.19,MACAÉ,CARRETA
04:58:02,205.1,SÃO PAULO,TOCO
04:11:07,205.06,SÃO PAULO,TOCO
03:41:18,205.0,RISER,CARRETA
04:45:53,204.95,DUQUE DE CAXIAS,CARRETA
03:42:40,204.6,DUQUE DE CAXIAS,TOCO
04:39:55,204.58,SÃO PAULO,TOCO
04:31:05,203.8,MACAÉ,CARRETA
04:52:10,203.47,SÃO PAULO,TOCO
05:48:31,202.37,SÃO PAULO,TOCO
03:45:42,202.0,SÃO PAULO,TOCO
03:53:48,201.81,MACAÉ,CARRETA
03:34:49,201.77,SÃO PAULO,TOCO
03:52:52,201.6,RISER,CARRETA
10:28:55,201.15,MACAÉ,VUC
05:05:13,200.68,RISER,CARRETA
04:23:22,200.04,RISER,CARRETA
05:59:31,196.68,DUQUE DE CAXIAS,TOCO
05:13:47,195.99,SÃO PAULO,VUC
05:18:03,195.9,SÃO PAULO,VUC
05:54:10,195.67,VITÓRIA,VUC
05:52:46,195.59,SÃO PAULO,VUC
03:55:08,194.76,DUQUE DE CAXIAS,TOCO
07:14:23,193.14,SÃO PAULO,VUC
08:13:11,193.08,DUQUE DE CAXIAS,TOCO
06:11:22,192.49,SÃO PAULO,VUC
03:09:26,192.3,SÃO PAULO,TOCO
02:55:26,191.87,SÃO PAULO,TOCO
03:03:51,191.71,SÃO PAULO,TOCO
05:45:13,190.52,SÃO PAULO,TOCO
03:49:48,189.76,MACAÉ,CARRETA
04:46:33,189.26,MACAÉ,CARRETA
06:17:09,187.7,SÃO PAULO,VUC
09:14:13,187.61,DUQUE DE CAXIAS,VUC
05:30:23,186.52,DUQUE DE CAXIAS,VUC
05:05:22,185.48,MACAÉ,CARRETA
06:38:02,185.24,SÃO PAULO,VUC
05:19:32,184.63,DUQUE DE CAXIAS,TOCO
08:12:43,184.34,DUQUE DE CAXIAS,TOCO
04:29:07,182.98,SÃO PAULO,TOCO
06:01:17,182.54,DUQUE DE CAXIAS,TOCO
04:23:48,181.76,DUQUE DE CAXIAS,VUC
04:07:17,181.61,DUQUE DE CAXIAS,TOCO
04:17:16,181.18,MACAÉ,CARRETA
05:58:28,181.17,SÃO PAULO,VUC
05:55:38,180.31,SÃO PAULO,VUC
06:26:50,180.29,SÃO PAULO,VUC
05:10:35,180.2,SÃO PAULO,VUC
04:26:05,179.91,MACAÉ,CARRETA
05:23:19,179.72,MACAÉ,CARRETA
05:58:50,179.44,MACAÉ,VUC
04:13:50,179.27,MACAÉ,CARRETA
05:18:32,178.51,MACAÉ,CARRETA
05:27:21,178.43,MACAÉ,CARRETA
03:37:55,178.34,MACAÉ,CARRETA
07:04:24,178.31,MACAÉ,CARRETA
04:46:20,178.3,MACAÉ,CARRETA
05:18:04,178.07,MACAÉ,CARRETA
05:06:36,177.37,MACAÉ,CARRETA
04:40:20,176.89,RISER,CARRETA
04:20:33,176.26,MACAÉ,CARRETA
04:46:34,175.89,MACAÉ,CARRETA
06:01:09,175.64,SÃO PAULO,VUC
05:13:13,175.6,SÃO PAULO,VUC
03:56:06,175.58,SÃO PAULO,TOCO
04:43:39,174.38,SÃO PAULO,VUC
05:11:37,174.24,SÃO PAULO,VUC
03:59:22,174.15,MACAÉ,CARRETA
07:33:28,174.08,DUQUE DE CAXIAS,TOCO
05:23:48,173.79,MACAÉ,CARRETA
06:01:55,173.73,SÃO PAULO,VUC
04:18:49,173.39,MACAÉ,VUC
06:27:20,173.15,SÃO PAULO,VUC
03:15:46,173.12,MACAÉ,CARRETA
04:41:46,172.84,MACAÉ,CARRETA
02:41:00,172.2,SÃO PAULO,TOCO
04:58:38,171.84,DUQUE DE CAXIAS,VUC
07:11:02,171.45,DUQUE DE CAXIAS,VUC
02:41:44,170.02,SÃO PAULO,TOCO
07:47:56,168.3,DUQUE DE CAXIAS,VUC
05:09:37,166.41,SÃO PAULO,TOCO
04:49:56,166.02,SÃO PAULO,TOCO
04:04:21,165.33,SÃO PAULO,TOCO
04:01:10,164.98,SÃO PAULO,VUC
05:18:31,164.52,MACAÉ,CARRETA
04:51:44,164.25,SÃO PAULO,TOCO
05:42:07,164.19,DUQUE DE CAXIAS,TOCO
03:30:01,163.86,RISER,CARRETA
05:21:34,162.3,MACAÉ,CARRETA
04:02:11,161.89,SÃO PAULO,VUC
03:55:08,161.69,MACAÉ,CARRETA
05:35:40,161.32,SÃO PAULO,VUC
05:01:10,160.84,VITÓRIA,VUC
05:35:38,160.63,DUQUE DE CAXIAS,VUC
04:48:20,160.38,RISER,CARRETA
04:42:18,160.23,SÃO PAULO,VUC
03:40:54,160.19,DUQUE DE CAXIAS,CARRETA
05:13:59,160.01,SÃO PAULO,VUC
06:56:04,159.3,SÃO PAULO,VUC
03:40:50,158.99,MACAÉ,CARRETA
04:36:24,158.48,RISER,CARRETA
04:06:20,158.37,DUQUE DE CAXIAS,CARRETA
04:01:55,157.83,SÃO PAULO,TOCO
03:30:40,157.09,MACAÉ,CARRETA
05:44:53,156.71,DUQUE DE CAXIAS,TOCO
03:22:39,156.19,VITÓRIA,VUC
04:07:36,155.15,MACAÉ,CARRETA
05:41:10,154.32,DUQUE DE CAXIAS,VUC
03:24:14,154.14,MACAÉ,CARRETA
03:30:55,154.05,MACAÉ,CARRETA
07:46:45,153.63,DUQUE DE CAXIAS,VUC
03:44:14,153.49,MACAÉ,CARRETA
07:23:17,152.91,SÃO PAULO,VUC
05:15:03,152.54,SÃO PAULO,VUC
03:46:28,151.99,MACAÉ,CARRETA
04:53:49,151.83,DUQUE DE CAXIAS,CARRETA
05:14:46,150.38,VITÓRIA,VUC
03:42:36,150.36,MACAÉ,CARRETA
04:34:51,150.19,RISER,CARRETA
04:53:37,150.18,SÃO PAULO,VUC
07:21:13,149.72,DUQUE DE CAXIAS,TOCO
05:41:02,148.96,SÃO PAULO,VUC
04:05:52,148.1,SÃO PAULO,TOCO
05:19:17,148.04,SÃO PAULO,VUC
04:57:31,148.03,SÃO PAULO,VUC
05:54:09,147.51,SÃO PAULO,VUC
05:34:22,146.77,SÃO PAULO,VUC
04:12:52,146.6,SÃO PAULO,TOCO
05:33:46,146.55,DUQUE DE CAXIAS,VUC
03:35:03,145.66,DUQUE DE CAXIAS,TOCO
02:21:17,145.62,SÃO PAULO,TOCO
05:20:14,145.35,DUQUE DE CAXIAS,TOCO
03:49:36,144.91,SÃO PAULO,TOCO
03:13:59,142.46,SÃO PAULO,TOCO
04:25:46,142.27,SÃO PAULO,VUC
04:03:09,141.65,MACAÉ,CARRETA
04:53:15,141.43,DUQUE DE CAXIAS,VUC
05:36:58,141.19,DUQUE DE CAXIAS,TOCO
03:06:19,141.11,MACAÉ,CARRETA
02:57:34,140.9,VITÓRIA,VUC
05:04:39,140.69,DUQUE DE CAXIAS,TOCO
06:21:58,140.14,DUQUE DE CAXIAS,VUC
04:53:38,140.14,DUQUE DE CAXIAS,TOCO
04:28:07,139.45,SÃO PAULO,TOCO
02:25:06,139.21,VITÓRIA,VUC
05:31:36,138.93,DUQUE DE CAXIAS,CARRETA
06:24:59,138.67,SÃO PAULO,VUC
02:17:59,138.56,SÃO PAULO,TOCO
03:24:49,138.43,MACAÉ,CARRETA
04:13:03,137.93,DUQUE DE CAXIAS,TOCO
02:41:21,137.93,SÃO PAULO,TOCO
02:44:50,136.75,MACAÉ,CARRETA
04:25:38,136.51,DUQUE DE CAXIAS,TOCO
05:46:44,136.21,DUQUE DE CAXIAS,CARRETA
06:31:23,135.7,DUQUE DE CAXIAS,TOCO
03:21:58,135.64,DUQUE DE CAXIAS,VUC
02:31:15,135.14,RISER,CARRETA
02:06:04,135.11,SÃO PAULO,TOCO
03:01:49,134.93,MACAÉ,CARRETA
04:49:52,134.73,SÃO PAULO,VUC
06:27:20,134.67,MACAÉ,VUC
02:16:34,134.62,MACAÉ,CARRETA
04:42:42,134.32,SÃO PAULO,VUC
04:16:20,134.12,SÃO PAULO,VUC
04:02:45,133.99,MACAÉ,CARRETA
03:04:04,133.93,MACAÉ,CARRETA
05:57:37,133.44,MACAÉ,VUC
04:35:30,132.74,DUQUE DE CAXIAS,CARRETA
02:36:09,132.28,MACAÉ,CARRETA
02:56:33,132.18,MACAÉ,CARRETA
02:58:19,131.9,MACAÉ,CARRETA
03:49:14,131.75,SÃO PAULO,TOCO
04:51:44,129.97,DUQUE DE CAXIAS,VUC
04:52:14,129.86,DUQUE DE CAXIAS,TOCO
05:06:18,129.69,MACAÉ,CARRETA
04:46:30,129.62,DUQUE DE CAXIAS,TOCO
03:42:44,128.81,DUQUE DE CAXIAS,VUC
03:49:23,128.38,SÃO PAULO,TOCO
04:44:50,127.3,DUQUE DE CAXIAS,VUC
03:27:21,124.79,VITÓRIA,VUC
04:52:33,124.22,SÃO PAULO,VUC
03:25:12,123.84,SÃO PAULO,TOCO
06:02:30,123.45,DUQUE DE CAXIAS,TOCO
03:36:24,122.91,SÃO PAULO,TOCO
03:48:29,122.58,SÃO PAULO,TOCO
04:11:00,121.46,DUQUE DE CAXIAS,TOCO
04:21:25,121.18,SÃO PAULO,VUC
03:19:38,119.97,DUQUE DE CAXIAS,VUC
05:23:00,119.14,SÃO PAULO,VUC
07:05:33,119.12,DUQUE DE CAXIAS,VUC
05:21:13,118.77,DUQUE DE CAXIAS,VUC
04:11:22,118.69,DUQUE DE CAXIAS,TOCO
05:16:19,117.66,SÃO PAULO,VUC
03:54:28,116.13,SÃO PAULO,VUC
05:19:22,115.7,DUQUE DE CAXIAS,CARRETA
04:28:53,114.98,SÃO PAULO,VUC
04:28:58,114.56,MACAÉ,CARRETA
05:33:33,114.04,DUQUE DE CAXIAS,TOCO
03:45:11,113.79,VITÓRIA,VUC
04:51:05,112.09,DUQUE DE CAXIAS,TOCO
04:17:54,111.56,VITÓRIA,VUC
06:24:04,110.35,DUQUE DE CAXIAS,TOCO
02:16:26,110.32,MACAÉ,CARRETA
03:19:34,110.31,DUQUE DE CAXIAS,VUC
05:11:31,110.1,DUQUE DE CAXIAS,TOCO
04:45:57,109.82,MACAÉ,CARRETA
04:15:32,108.62,DUQUE DE CAXIAS,TOCO
04:39:24,108.56,MACAÉ,CARRETA
03:51:18,108.16,RISER,CARRETA
02:53:58,108.14,SÃO PAULO,TOCO
03:09:10,107.86,DUQUE DE CAXIAS,TOCO
04:29:03,106.89,DUQUE DE CAXIAS,CARRETA
04:00:55,106.57,MACAÉ,VUC
04:43:25,106.4,RISER,CARRETA
03:57:46,105.29,SÃO PAULO,TOCO
03:34:41,104.03,MACAÉ,VUC
04:33:19,101.8,DUQUE DE CAXIAS,TOCO
04:05:36,101.8,SÃO PAULO,TOCO
03:06:48,101.52,DUQUE DE CAXIAS,TOCO
12:02:09,101.26,SÃO PAULO,TOCO
04:34:02,101.05,RISER,CARRETA
02:31:30,100.98,DUQUE DE CAXIAS,CARRETA
02:10:48,100.61,VITÓRIA,VUC
03:23:27,100.43,DUQUE DE CAXIAS,VUC
04:29:01,98.67,VITÓRIA,VUC
01:50:53,98.43,SÃO PAULO,TOCO
01:43:02,98.39,SÃO PAULO,TOCO
04:16:28,98.37,VITÓRIA,VUC
02:00:10,97.61,MACAÉ,CARRETA
02:54:43,97.41,DUQUE DE CAXIAS,TOCO
03:45:17,97.28,DUQUE DE CAXIAS,VUC
03:40:32,96.82,DUQUE DE CAXIAS,TOCO
03:47:51,96.8,DUQUE DE CAXIAS,VUC
06:15:32,96.54,DUQUE DE CAXIAS,VUC
02:35:23,95.81,CBO INTEGRA,TOCO
07:01:30,95.6,DUQUE DE CAXIAS,TOCO
02:55:54,95.57,MACAÉ,CARRETA
01:51:16,95.48,DUQUE DE CAXIAS,VUC
03:27:56,95.47,DUQUE DE CAXIAS,TOCO
03:48:14,95.3,DUQUE DE CAXIAS,CARRETA
03:58:53,95.2,SÃO PAULO,VUC
03:13:17,94.79,DUQUE DE CAXIAS,VUC
02:49:30,94.7,DUQUE DE CAXIAS,TOCO
02:25:32,94.64,SÃO PAULO,TOCO
02:54:56,94.61,DUQUE DE CAXIAS,TOCO
05:02:21,93.74,RISER,CARRETA
02:22:13,93.53,SÃO PAULO,TOCO
03:47:28,92.81,DUQUE DE CAXIAS,TOCO
03:09:31,92.69,DUQUE DE CAXIAS,VUC
02:54:59,92.17,DUQUE DE CAXIAS,TOCO
03:44:08,91.98,VITÓRIA,VUC
03:25:14,91.75,VITÓRIA,VUC
02:01:17,91.71,DUQUE DE CAXIAS,VUC
01:50:41,90.68,MACAÉ,CARRETA
03:56:41,90.52,DUQUE DE CAXIAS,TOCO
02:47:00,90.52,MACAÉ,CARRETA
02:41:02,90.35,VITÓRIA,VUC
02:51:05,90.13,DUQUE DE CAXIAS,TOCO
02:51:32,89.98,MACAÉ,CARRETA
03:20:44,89.79,DUQUE DE CAXIAS,TOCO
04:01:55,89.35,MACAÉ,CARRETA
05:00:18,89.09,DUQUE DE CAXIAS,CARRETA
04:15:27,89.0,SÃO PAULO,TOCO
05:50:09,88.79,DUQUE DE CAXIAS,CARRETA
04:20:59,88.73,DUQUE DE CAXIAS,TOCO
02:55:19,88.68,DUQUE DE CAXIAS,TOCO
03:44:54,87.26,RISER,CARRETA
03:03:46,85.7,VITÓRIA,VUC
03:00:35,85.13,MACAÉ,CARRETA
04:33:32,84.97,DUQUE DE CAXIAS,CARRETA
09:51:26,84.36,DUQUE DE CAXIAS,TOCO
04:14:41,84.32,DUQUE DE CAXIAS,TOCO
02:59:42,83.75,MACAÉ,CARRETA
04:38:28,83.25,VITÓRIA,VUC
06:33:12,81.87,DUQUE DE CAXIAS,TOCO
03:38:36,81.77,DUQUE DE CAXIAS,TOCO
03:54:16,81.5,DUQUE DE CAXIAS,TOCO
03:43:04,81.16,DUQUE DE CAXIAS,CARRETA
01:43:33,81.09,SÃO PAULO,TOCO
02:21:17,80.8,DUQUE DE CAXIAS,VUC
03:12:36,80.47,VITÓRIA,VUC
02:01:54,80.42,SÃO PAULO,TOCO
02:49:26,79.95,DUQUE DE CAXIAS,TOCO
03:21:27,79.33,MACAÉ,CARRETA
02:55:30,78.53,DUQUE DE CAXIAS,TOCO
03:46:29,78.44,MACAÉ,CARRETA
03:14:19,78.39,VITÓRIA,VUC
03:09:01,77.16,SÃO PAULO,TOCO
04:25:38,76.95,DUQUE DE CAXIAS,TOCO
04:25:30,76.69,DUQUE DE CAXIAS,CARRETA
02:33:06,76.64,MACAÉ,CARRETA
04:16:47,76.4,CBO INTEGRA,VUC
03:45:31,76.29,DUQUE DE CAXIAS,CARRETA
04:07:29,76.22,DUQUE DE CAXIAS,TOCO
03:15:28,75.91,MACAÉ,CARRETA
02:16:20,75.79,DUQUE DE CAXIAS,TOCO
03:48:23,75.78,DUQUE DE CAXIAS,TOCO
03:07:05,75.7,DUQUE DE CAXIAS,CARRETA
03:26:14,75.59,DUQUE DE CAXIAS,TOCO
02:32:53,75.28,DUQUE DE CAXIAS,TOCO
03:07:28,74.92,DUQUE DE CAXIAS,CARRETA
03:49:18,74.87,DUQUE DE CAXIAS,CARRETA
02:55:24,74.76,RISER,CARRETA
02:42:20,74.71,DUQUE DE CAXIAS,VUC
01:42:40,74.41,DUQUE DE CAXIAS,VUC
03:02:50,74.27,DUQUE DE CAXIAS,CARRETA
04:49:54,74.24,MACAÉ,CARRETA
03:20:22,74.07,DUQUE DE CAXIAS,CARRETA
03:25:47,74.05,SÃO PAULO,TOCO
03:03:07,73.59,SÃO PAULO,TOCO
04:18:26,73.44,DUQUE DE CAXIAS,TOCO
03:02:58,73.41,RISER,CARRETA
02:56:06,73.23,MACAÉ,CARRETA
02:08:33,73.16,DUQUE DE CAXIAS,TOCO
03:13:57,73.16,MACAÉ,CARRETA
02:57:31,73.12,DUQUE DE CAXIAS,CARRETA
02:30:02,72.95,DUQUE DE CAXIAS,CARRETA
03:47:59,72.73,DUQUE DE CAXIAS,CARRETA
02:07:16,72.73,DUQUE DE CAXIAS,TOCO
02:07:14,72.64,DUQUE DE CAXIAS,TOCO
01:32:48,72.38,SÃO PAULO,TOCO
02:46:29,72.24,DUQUE DE CAXIAS,TOCO
02:57:46,72.13,DUQUE DE CAXIAS,CARRETA
02:19:43,72.07,VITÓRIA,VUC
03:45:13,72.02,DUQUE DE CAXIAS,CARRETA
03:05:05,71.4,SÃO PAULO,VUC
01:49:02,71.22,DUQUE DE CAXIAS,CARRETA
03:49:17,71.1,RISER,CARRETA
02:14:12,71.09,DUQUE DE CAXIAS,CARRETA
01:43:44,70.94,VITÓRIA,VUC
03:34:55,70.91,DUQUE DE CAXIAS,CARRETA
03:17:42,70.7,VITÓRIA,VUC
02:20:10,70.64,DUQUE DE CAXIAS,TOCO
02:12:24,70.48,DUQUE DE CAXIAS,TOCO
03:46:12,70.09,DUQUE DE CAXIAS,CARRETA
03:52:06,69.87,RISER,CARRETA
02:00:10,69.68,DUQUE DE CAXIAS,TOCO
02:34:45,69.62,DUQUE DE CAXIAS,TOCO
01:40:02,69.13,DUQUE DE CAXIAS,TOCO
03:06:19,69.06,DUQUE DE CAXIAS,CARRETA
02:23:44,68.96,DUQUE DE CAXIAS,TOCO
02:43:31,68.96,DUQUE DE CAXIAS,TOCO
01:49:52,68.87,DUQUE DE CAXIAS,TOCO
02:12:26,68.74,VITÓRIA,VUC
02:21:13,68.47,DUQUE DE CAXIAS,CARRETA
02:29:55,68.32,MACAÉ,CARRETA
01:52:42,68.28,DUQUE DE CAXIAS,CARRETA
01:43:45,68.18,DUQUE DE CAXIAS,TOCO
03:09:15,68.17,DUQUE DE CAXIAS,TOCO
03:06:00,68.1,MACAÉ,VUC
02:45:26,68.09,DUQUE DE CAXIAS,CARRETA
01:58:54,67.87,VITÓRIA,VUC
01:45:38,67.82,DUQUE DE CAXIAS,TOCO
01:35:39,67.78,DUQUE DE CAXIAS,TOCO
02:00:50,67.78,DUQUE DE CAXIAS,TOCO
02:02:07,67.65,DUQUE DE CAXIAS,TOCO
02:45:24,67.64,DUQUE DE CAXIAS,CARRETA
01:56:05,67.59,DUQUE DE CAXIAS,TOCO
03:05:03,67.5,DUQUE DE CAXIAS,CARRETA
02:34:31,67.47,DUQUE DE CAXIAS,TOCO
03:36:56,67.44,DUQUE DE CAXIAS,CARRETA
02:51:54,67.43,VITÓRIA,VUC
03:32:05,67.03,VITÓRIA,VUC
02:07:23,66.54,DUQUE DE CAXIAS,TOCO
02:52:37,66.19,VITÓRIA,VUC
03:44:37,65.94,MACAÉ,VUC
03:21:42,65.89,MACAÉ,CARRETA
03:08:17,65.51,VITÓRIA,VUC
01:53:10,65.4,DUQUE DE CAXIAS,TOCO
02:13:36,65.14,MACAÉ,CARRETA
02:39:40,65.01,DUQUE DE CAXIAS,TOCO
03:36:35,64.24,VITÓRIA,VUC
02:30:06,64.08,DUQUE DE CAXIAS,TOCO
03:42:00,63.18,DUQUE DE CAXIAS,TOCO
02:37:07,63.01,SÃO PAULO,VUC
05:49:02,62.8,MACAÉ,CARRETA
02:56:30,62.07,SÃO PAULO,VUC
02:10:41,61.79,DUQUE DE CAXIAS,TOCO
02:05:27,61.72,DUQUE DE CAXIAS,TOCO
03:07:42,61.7,DUQUE DE CAXIAS,TOCO
02:04:04,61.54,DUQUE DE CAXIAS,TOCO
03:14:55,61.17,DUQUE DE CAXIAS,CARRETA
02:12:35,60.58,DUQUE DE CAXIAS,TOCO
01:56:05,60.44,VITÓRIA,VUC
01:59:20,60.29,DUQUE DE CAXIAS,TOCO
02:43:18,59.76,DUQUE DE CAXIAS,VUC
01:59:29,59.43,MACAÉ,CARRETA
01:34:03,59.16,DUQUE DE CAXIAS,TOCO
02:00:27,58.95,DUQUE DE CAXIAS,TOCO
01:56:01,58.64,RISER,CARRETA
01:45:18,58.31,DUQUE DE CAXIAS,VUC
01:37:02,57.76,DUQUE DE CAXIAS,TOCO
02:19:44,57.71,DUQUE DE CAXIAS,TOCO
02:21:59,57.61,VITÓRIA,VUC
03:56:00,57.08,DUQUE DE CAXIAS,TOCO
01:40:27,56.99,DUQUE DE CAXIAS,TOCO
01:20:42,56.76,DUQUE DE CAXIAS,TOCO
02:22:51,56.48,DUQUE DE CAXIAS,VUC
02:59:23,56.04,SÃO PAULO,VUC
01:17:36,55.38,MACAÉ,CARRETA
01:56:39,54.57,MACAÉ,VUC
00:59:54,54.0,SÃO PAULO,TOCO
03:05:46,52.88,DUQUE DE CAXIAS,TOCO
05:07:42,52.62,MACAÉ,CARRETA
02:35:51,52.33,VITÓRIA,VUC
02:38:29,52.13,VITÓRIA,VUC
01:37:18,51.19,SÃO PAULO,TOCO
02:23:57,51.16,DUQUE DE CAXIAS,TOCO
01:57:18,51.15,VITÓRIA,VUC
01:01:45,50.72,SÃO PAULO,TOCO
05:36:16,50.29,DUQUE DE CAXIAS,CARRETA
02:35:38,48.72,DUQUE DE CAXIAS,TOCO
02:08:20,48.61,RISER,CARRETA
02:20:27,47.51,CBO INTEGRA,VUC
03:41:15,47.04,MACAÉ,CARRETA
02:24:19,46.36,DUQUE DE CAXIAS,TOCO
02:39:22,45.42,VITÓRIA,VUC
01:27:30,44.48,MACAÉ,CARRETA
01:53:50,44.43,MACAÉ,CARRETA
01:49:22,44.14,MACAÉ,CARRETA
01:37:52,43.68,RISER,CARRETA
01:07:14,43.61,DUQUE DE CAXIAS,TOCO
01:47:46,43.52,MACAÉ,CARRETA
01:32:07,43.51,VITÓRIA,VUC
01:56:43,43.41,MACAÉ,CARRETA
02:35:23,42.89,MACAÉ,CARRETA
02:21:41,42.71,DUQUE DE CAXIAS,TOCO
01:21:59,42.43,SÃO PAULO,VUC
01:52:20,41.46,VITÓRIA,VUC
03:30:47,41.18,DUQUE DE CAXIAS,CARRETA
01:26:03,40.25,DUQUE DE CAXIAS,CARRETA
01:28:55,39.69,MACAÉ,CARRETA
02:07:19,39.65,VITÓRIA,VUC
01:42:43,39.56,DUQUE DE CAXIAS,TOCO
02:16:59,39.17,DUQUE DE CAXIAS,CARRETA
02:51:05,38.93,DUQUE DE CAXIAS,CARRETA
03:47:33,38.29,MACAÉ,CARRETA
02:02:49,37.96,SÃO PAULO,TOCO
01:54:16,37.64,MACAÉ,CARRETA
02:14:15,37.63,MACAÉ,CARRETA
01:59:52,37.62,VITÓRIA,VUC
02:07:09,37.55,MACAÉ,CARRETA
01:54:53,37.43,MACAÉ,CARRETA
02:06:21,37.22,DUQUE DE CAXIAS,CARRETA
02:14:25,36.93,MACAÉ,CARRETA
01:33:57,36.72,VITÓRIA,VUC
02:01:35,36.48,MACAÉ,CARRETA
02:21:00,36.42,DUQUE DE CAXIAS,CARRETA
01:37:41,36.18,VITÓRIA,VUC
01:43:08,36.0,VITÓRIA,VUC
01:17:39,35.74,DUQUE DE CAXIAS,TOCO
01:40:09,35.56,VITÓRIA,VUC
00:44:39,35.55,DUQUE DE CAXIAS,TOCO
01:01:48,35.27,DUQUE DE CAXIAS,TOCO
02:15:59,34.6,DUQUE DE CAXIAS,TOCO
01:33:15,34.58,MACAÉ,CARRETA
02:12:37,34.47,RISER,CARRETA
01:47:51,34.39,VITÓRIA,VUC
02:12:17,34.32,DUQUE DE CAXIAS,CARRETA
01:28:56,34.11,VITÓRIA,VUC
01:26:41,33.86,VITÓRIA,VUC
00:56:26,33.67,MACAÉ,CARRETA
01:28:23,33.65,DUQUE DE CAXIAS,CARRETA
02:46:02,33.35,MACAÉ,CARRETA
02:32:20,33.31,MACAÉ,CARRETA
02:17:04,33.05,MACAÉ,CARRETA
01:25:32,32.98,DUQUE DE CAXIAS,TOCO
01:09:38,32.95,DUQUE DE CAXIAS,TOCO
01:40:26,32.87,RISER,CARRETA
02:12:36,32.53,DUQUE DE CAXIAS,CARRETA
02:37:10,31.41,DUQUE DE CAXIAS,TOCO
01:25:11,31.37,SÃO PAULO,VUC
00:48:37,31.18,DUQUE DE CAXIAS,TOCO
01:08:28,31.11,SÃO PAULO,TOCO
01:13:26,30.95,VITÓRIA,VUC
01:26:07,30.55,DUQUE DE CAXIAS,TOCO
01:21:37,30.32,SÃO PAULO,TOCO
01:10:05,30.14,VITÓRIA,VUC
01:05:58,29.39,VITÓRIA,VUC
01:30:45,29.1,VITÓRIA,VUC
01:29:04,27.72,MACAÉ,CARRETA
01:52:51,27.56,VITÓRIA,VUC
01:20:20,27.25,VITÓRIA,VUC
01:27:15,27.04,VITÓRIA,VUC
01:47:13,26.41,DUQUE DE CAXIAS,TOCO
01:20:11,25.28,MACAÉ,CARRETA
02:54:29,25.02,MACAÉ,CARRETA
00:48:28,23.93,MACAÉ,CARRETA
00:52:33,23.72,MACAÉ,CARRETA
01:06:34,23.62,MACAÉ,CARRETA
01:56:16,23.44,MACAÉ,CARRETA
00:54:52,23.32,MACAÉ,CARRETA
03:31:13,23.15,MACAÉ,CARRETA
01:18:02,23.1,VITÓRIA,VUC
01:09:30,22.59,VITÓRIA,VUC
01:11:29,22.54,VITÓRIA,VUC
00:48:51,22.51,DUQUE DE CAXIAS,TOCO
00:54:30,22.14,SÃO PAULO,TOCO
01:27:39,22.02,MACAÉ,CARRETA
00:56:31,21.43,VITÓRIA,VUC
01:09:28,20.84,VITÓRIA,VUC
01:04:37,20.6,VITÓRIA,VUC
01:21:50,20.56,DUQUE DE CAXIAS,TOCO
02:02:25,20.49,MACAÉ,CARRETA
00:49:49,20.15,MACAÉ,CARRETA
01:24:54,20.04,MACAÉ,CARRETA
01:26:12,19.87,MACAÉ,CARRETA
01:02:11,19.15,SÃO PAULO,VUC
00:49:23,19.02,VITÓRIA,VUC
01:07:41,18.99,VITÓRIA,VUC
00:56:06,18.34,VITÓRIA,VUC
01:11:10,18.24,RISER,CARRETA
00:49:26,18.21,DUQUE DE CAXIAS,TOCO
01:12:22,18.07,DUQUE DE CAXIAS,VUC
02:29:32,17.89,SÃO PAULO,VUC
00:56:00,17.41,VITÓRIA,VUC
01:11:35,17.22,VITÓRIA,VUC
00:58:55,17.06,DUQUE DE CAXIAS,CARRETA
01:47:28,16.86,SÃO PAULO,VUC
00:40:55,16.48,VITÓRIA,VUC
01:38:50,15.56,DUQUE DE CAXIAS,CARRETA
00:36:46,15.48,VITÓRIA,VUC
01:21:47,15.39,MACAÉ,CARRETA
00:48:24,14.96,VITÓRIA,VUC
01:21:17,14.89,VITÓRIA,VUC
01:09:25,14.87,MACAÉ,CARRETA
00:36:49,14.51,VITÓRIA,VUC
00:42:06,13.51,VITÓRIA,VUC
00:35:38,13.4,SÃO PAULO,TOCO
00:37:37,13.39,SÃO PAULO,VUC
00:36:12,13.24,SÃO PAULO,VUC
02:11:42,12.26,MACAÉ,CARRETA
00:36:46,12.22,SÃO PAULO,VUC
00:59:07,12.22,MACAÉ,CARRETA
00:59:52,11.97,VITÓRIA,VUC
00:24:23,11.94,SÃO PAULO,TOCO
01:31:32,11.91,SÃO PAULO,TOCO
01:37:54,11.46,MACAÉ,CARRETA
00:33:57,11.44,VITÓRIA,VUC
00:49:29,11.36,SÃO PAULO,TOCO
01:22:54,11.35,MACAÉ,CARRETA
01:09:39,11.35,MACAÉ,CARRETA
00:36:42,11.13,VITÓRIA,VUC
01:49:30,11.01,DUQUE DE CAXIAS,TOCO
00:32:47,11.0,VITÓRIA,VUC
00:46:31,10.67,MACAÉ,CARRETA
00:22:56,10.47,SÃO PAULO,TOCO
00:23:45,10.32,VITÓRIA,VUC
00:19:46,10.31,VITÓRIA,VUC
03:02:34,10.24,MACAÉ,CARRETA
00:44:17,10.23,MACAÉ,CARRETA
00:26:18,10.08,DUQUE DE CAXIAS,CARRETA
00:51:08,10.01,VITÓRIA,VUC
00:59:06,9.94,MACAÉ,CARRETA
01:00:08,9.76,VITÓRIA,VUC
02:12:49,9.7,DUQUE DE CAXIAS,CARRETA
00:19:07,9.68,VITÓRIA,VUC
00:36:28,9.52,VITÓRIA,VUC
00:52:48,9.34,DUQUE DE CAXIAS,TOCO
00:41:51,9.3,SÃO PAULO,TOCO
01:10:07,9.05,DUQUE DE CAXIAS,TOCO
00:37:37,8.85,VITÓRIA,VUC
00:53:01,8.84,VITÓRIA,VUC
01:27:25,8.42,DUQUE DE CAXIAS,CARRETA
00:30:55,7.92,MACAÉ,CARRETA
00:40:46,7.87,DUQUE DE CAXIAS,TOCO
01:27:29,7.82,DUQUE DE CAXIAS,TOCO
00:35:42,7.76,VITÓRIA,VUC
00:37:39,7.68,VITÓRIA,VUC
00:29:06,7.61,MACAÉ,CARRETA
00:40:05,7.54,DUQUE DE CAXIAS,VUC
00:56:53,7.46,DUQUE DE CAXIAS,TOCO
00:28:24,7.35,SÃO PAULO,TOCO
00:30:16,7.35,VITÓRIA,VUC
00:35:22,7.34,VITÓRIA,VUC
00:30:03,7.23,VITÓRIA,VUC
00:39:20,7.07,VITÓRIA,VUC
00:12:43,7.07,MACAÉ,CARRETA
00:43:15,7.03,VITÓRIA,VUC
01:11:08,6.99,DUQUE DE CAXIAS,TOCO
01:25:36,6.84,DUQUE DE CAXIAS,TOCO
01:25:33,6.81,DUQUE DE CAXIAS,CARRETA
00:32:02,6.8,VITÓRIA,VUC
00:28:06,6.67,DUQUE DE CAXIAS,TOCO
00:31:54,6.52,VITÓRIA,VUC
00:34:31,6.49,VITÓRIA,VUC
00:58:13,6.47,DUQUE DE CAXIAS,VUC
00:29:47,6.4,VITÓRIA,VUC
00:37:14,6.15,VITÓRIA,VUC
00:34:55,6.05,VITÓRIA,VUC
00:22:28,6.0,VITÓRIA,VUC
00:34:46,5.86,DUQUE DE CAXIAS,TOCO
00:34:27,5.81,DUQUE DE CAXIAS,TOCO
00:48:34,5.81,DUQUE DE CAXIAS,CARRETA
00:31:05,5.69,VITÓRIA,VUC
00:24:43,5.36,VITÓRIA,VUC
00:21:26,5.35,DUQUE DE CAXIAS,VUC
00:27:16,5.33,DUQUE DE CAXIAS,TOCO
00:24:05,5.26,VITÓRIA,VUC
00:29:21,5.22,VITÓRIA,VUC
00:26:16,5.22,VITÓRIA,VUC
00:33:53,5.2,VITÓRIA,VUC
00:50:10,5.19,DUQUE DE CAXIAS,CARRETA
00:53:39,5.18,MACAÉ,CARRETA
00:20:52,5.15,VITÓRIA,VUC
01:06:24,5.11,DUQUE DE CAXIAS,CARRETA
01:44:53,5.04,DUQUE DE CAXIAS,CARRETA
00:31:27,4.99,DUQUE DE CAXIAS,TOCO
01:15:16,4.99,DUQUE DE CAXIAS,CARRETA
00:18:42,4.95,VITÓRIA,VUC
00:23:20,4.77,VITÓRIA,VUC
00:18:28,4.73,VITÓRIA,VUC
00:28:45,4.71,SÃO PAULO,VUC
00:23:32,4.7,VITÓRIA,VUC
01:51:03,4.63,DUQUE DE CAXIAS,CARRETA
00:21:02,4.56,DUQUE DE CAXIAS,VUC
00:20:05,4.55,VITÓRIA,VUC
00:53:10,4.54,DUQUE DE CAXIAS,CARRETA
00:40:59,4.49,MACAÉ,CARRETA
00:19:30,4.45,VITÓRIA,VUC
00:53:12,4.42,MACAÉ,CARRETA
00:18:27,4.36,VITÓRIA,VUC
01:44:09,4.27,VITÓRIA,VUC
00:37:47,4.22,DUQUE DE CAXIAS,TOCO
01:01:28,4.19,DUQUE DE CAXIAS,TOCO
01:00:59,4.13,DUQUE DE CAXIAS,CARRETA
00:32:44,4.1,DUQUE DE CAXIAS,TOCO
01:16:53,4.09,DUQUE DE CAXIAS,CARRETA
01:05:33,4.05,MACAÉ,CARRETA
01:00:08,4.03,DUQUE DE CAXIAS,CARRETA
01:34:16,4.01,DUQUE DE CAXIAS,CARRETA
00:32:16,3.96,DUQUE DE CAXIAS,TOCO
00:38:05,3.93,DUQUE DE CAXIAS,CARRETA
00:35:15,3.88,MACAÉ,CARRETA
00:19:30,3.87,VITÓRIA,VUC
00:17:42,3.85,VITÓRIA,VUC
03:57:43,3.85,DUQUE DE CAXIAS,TOCO
00:45:27,3.82,DUQUE DE CAXIAS,TOCO
00:28:56,3.8,DUQUE DE CAXIAS,TOCO
00:25:30,3.78,DUQUE DE CAXIAS,TOCO
00:19:21,3.74,DUQUE DE CAXIAS,TOCO
00:43:16,3.69,DUQUE DE CAXIAS,CARRETA
00:16:05,3.68,MACAÉ,CARRETA
00:24:19,3.68,DUQUE DE CAXIAS,TOCO
00:40:00,3.66,DUQUE DE CAXIAS,TOCO
00:15:16,3.66,VITÓRIA,VUC
00:39:46,3.65,DUQUE DE CAXIAS,TOCO
00:52:30,3.64,MACAÉ,CARRETA
00:34:29,3.63,SÃO PAULO,TOCO
00:38:18,3.62,DUQUE DE CAXIAS,CARRETA
00:31:03,3.61,DUQUE DE CAXIAS,TOCO
00:37:55,3.6,DUQUE DE CAXIAS,CARRETA
00:16:06,3.59,MACAÉ,VUC
00:40:48,3.58,DUQUE DE CAXIAS,TOCO
01:33:49,3.58,MACAÉ,CARRETA
00:44:31,3.57,DUQUE DE CAXIAS,TOCO
01:44:58,3.56,MACAÉ,CARRETA
00:26:05,3.55,SÃO PAULO,VUC
01:24:10,3.55,MACAÉ,CARRETA
00:29:20,3.51,DUQUE DE CAXIAS,TOCO
00:50:28,3.51,DUQUE DE CAXIAS,TOCO
00:41:05,3.51,DUQUE DE CAXIAS,TOCO
01:36:39,3.5,DUQUE DE CAXIAS,TOCO
00:28:29,3.49,DUQUE DE CAXIAS,TOCO
00:27:11,3.47,DUQUE DE CAXIAS,TOCO
00:49:22,3.47,DUQUE DE CAXIAS,TOCO
00:38:07,3.39,DUQUE DE CAXIAS,TOCO
07:49:40,3.37,DUQUE DE CAXIAS,CARRETA
00:16:57,3.34,DUQUE DE CAXIAS,TOCO
00:34:39,3.33,DUQUE DE CAXIAS,CARRETA
00:27:32,3.29,SÃO PAULO,TOCO
00:34:07,3.24,DUQUE DE CAXIAS,TOCO
06:33:14,3.24,SÃO PAULO,TOCO
00:36:28,3.22,MACAÉ,VUC
02:00:38,3.18,DUQUE DE CAXIAS,CARRETA
00:21:45,3.16,DUQUE DE CAXIAS,TOCO
00:31:15,3.14,SÃO PAULO,TOCO
00:23:46,3.14,DUQUE DE CAXIAS,TOCO
00:26:32,3.12,DUQUE DE CAXIAS,TOCO
00:24:35,3.08,DUQUE DE CAXIAS,TOCO
00:37:23,3.04,SÃO PAULO,TOCO
00:10:46,3.04,VITÓRIA,VUC
00:16:07,2.97,DUQUE DE CAXIAS,TOCO
00:18:30,2.9,VITÓRIA,VUC
00:24:05,2.89,DUQUE DE CAXIAS,TOCO
00:10:30,2.86,VITÓRIA,VUC
00:14:27,2.84,DUQUE DE CAXIAS,TOCO
00:10:49,2.75,DUQUE DE CAXIAS,TOCO
00:49:14,2.73,DUQUE DE CAXIAS,TOCO
00:32:39,2.68,DUQUE DE CAXIAS,TOCO
00:10:34,2.67,VITÓRIA,VUC
00:18:46,2.66,VITÓRIA,VUC
00:55:53,2.65,DUQUE DE CAXIAS,TOCO
00:26:21,2.62,DUQUE DE CAXIAS,TOCO
02:16:09,2.62,MACAÉ,CARRETA
00:12:28,2.51,SÃO PAULO,VUC
00:13:15,2.43,VITÓRIA,VUC
00:17:25,2.24,DUQUE DE CAXIAS,TOCO
00:09:20,2.22,VITÓRIA,VUC
02:01:57,2.22,MACAÉ,CARRETA
00:20:12,2.19,VITÓRIA,VUC
00:16:10,2.18,VITÓRIA,VUC
00:08:24,2.17,VITÓRIA,VUC
00:06:11,2.17,VITÓRIA,VUC
00:08:14,2.17,VITÓRIA,VUC
00:07:47,2.16,VITÓRIA,VUC
00:06:55,2.11,VITÓRIA,VUC
00:09:42,2.1,VITÓRIA,VUC
00:52:13,1.93,DUQUE DE CAXIAS,TOCO
00:10:06,1.63,DUQUE DE CAXIAS,TOCO
00:13:05,1.47,VITÓRIA,VUC
00:08:18,1.4,DUQUE DE CAXIAS,TOCO
00:10:18,1.26,DUQUE DE CAXIAS,TOCO
00:09:22,1.25,SÃO PAULO,VUC
00:06:36,1.24,DUQUE DE CAXIAS,TOCO
02:09:54,1.13,DUQUE DE CAXIAS,CARRETA
00:26:33,0.92,SÃO PAULO,TOCO
01:05:49,0.89,SÃO PAULO,TOCO
00:33:18,0.88,MACAÉ,CARRETA
00:10:00,0.73,SÃO PAULO,TOCO
00:09:43,0.69,MACAÉ,VUC
01:34:08,0.67,DUQUE DE CAXIAS,VUC
00:52:14,0.56,DUQUE DE CAXIAS,CARRETA
00:47:45,0.52,MACAÉ,CARRETA
00:43:39,0.46,SÃO PAULO,VUC
00:06:49,0.42,DUQUE DE CAXIAS,TOCO
00:21:59,0.4,DUQUE DE CAXIAS,CARRETA
00:05:32,0.39,MACAÉ,VUC
00:08:07,0.37,DUQUE DE CAXIAS,TOCO
00:02:56,0.36,CBO INTEGRA,TOCO
00:07:35,0.36,DUQUE DE CAXIAS,TOCO
00:11:56,0.35,DUQUE DE CAXIAS,CARRETA
00:04:44,0.35,DUQUE DE CAXIAS,TOCO
00:13:50,0.32,DUQUE DE CAXIAS,TOCO
00:06:57,0.32,CBO INTEGRA,TOCO
00:06:25,0.31,SÃO PAULO,TOCO
00:14:50,0.31,MACAÉ,CARRETA
00:04:55,0.31,DUQUE DE CAXIAS,TOCO
00:07:13,0.29,DUQUE DE CAXIAS,TOCO
00:26:45,0.27,MACAÉ,CARRETA
00:21:11,0.27,DUQUE DE CAXIAS,CARRETA
00:13:20,0.27,DUQUE DE CAXIAS,CARRETA
00:02:55,0.26,DUQUE DE CAXIAS,TOCO
00:04:44,0.26,DUQUE DE CAXIAS,TOCO
00:04:12,0.25,SÃO PAULO,TOCO
00:17:11,0.25,MACAÉ,CARRETA
00:06:40,0.24,MACAÉ,VUC
00:03:53,0.23,DUQUE DE CAXIAS,TOCO
00:02:47,0.23,DUQUE DE CAXIAS,TOCO
00:16:40,0.23,MACAÉ,CARRETA
00:02:48,0.23,DUQUE DE CAXIAS,TOCO
00:04:27,0.22,DUQUE DE CAXIAS,CARRETA
00:01:39,0.21,DUQUE DE CAXIAS,TOCO
00:04:13,0.21,DUQUE DE CAXIAS,TOCO
00:03:47,0.21,DUQUE DE CAXIAS,VUC
00:20:33,0.21,MACAÉ,CARRETA
00:14:41,0.2,DUQUE DE CAXIAS,TOCO
00:08:46,0.2,SÃO PAULO,VUC
00:03:23,0.2,DUQUE DE CAXIAS,VUC
00:04:45,0.2,DUQUE DE CAXIAS,TOCO
00:15:15,0.2,MACAÉ,CARRETA
00:04:15,0.19,DUQUE DE CAXIAS,TOCO
00:03:07,0.19,DUQUE DE CAXIAS,VUC
00:03:48,0.19,MACAÉ,VUC
00:02:28,0.19,SÃO PAULO,TOCO
00:05:00,0.19,MACAÉ,VUC
00:23:09,0.19,DUQUE DE CAXIAS,TOCO
00:03:45,0.18,DUQUE DE CAXIAS,TOCO
00:02:41,0.18,DUQUE DE CAXIAS,TOCO
00:04:02,0.16,DUQUE DE CAXIAS,TOCO
00:03:54,0.16,DUQUE DE CAXIAS,TOCO
00:02:53,0.16,DUQUE DE CAXIAS,TOCO
00:05:08,0.15,SÃO PAULO,TOCO
00:13:45,0.15,MACAÉ,CARRETA
00:04:18,0.15,DUQUE DE CAXIAS,TOCO
00:12:53,0.15,MACAÉ,CARRETA
00:39:04,0.14,MACAÉ,CARRETA
00:04:18,0.14,MACAÉ,VUC
00:03:24,0.14,SÃO PAULO,TOCO
00:06:20,0.14,DUQUE DE CAXIAS,CARRETA
00:03:14,0.14,SÃO PAULO,TOCO
00:09:21,0.13,SÃO PAULO,TOCO
00:03:50,0.13,DUQUE DE CAXIAS,CARRETA
00:05:20,0.13,DUQUE DE CAXIAS,TOCO
00:00:54,0.13,DUQUE DE CAXIAS,VUC
00:02:47,0.13,CBO INTEGRA,TOCO
00:06:39,0.12,DUQUE DE CAXIAS,TOCO
00:01:38,0.12,SÃO PAULO,VUC
00:06:45,0.12,SÃO PAULO,TOCO
00:36:08,0.12,MACAÉ,CARRETA
00:02:48,0.12,DUQUE DE CAXIAS,VUC
00:03:08,0.12,DUQUE DE CAXIAS,TOCO
01:18:28,0.12,DUQUE DE CAXIAS,CARRETA
00:05:45,0.11,DUQUE DE CAXIAS,TOCO
00:02:51,0.11,DUQUE DE CAXIAS,TOCO
00:06:13,0.11,SÃO PAULO,TOCO
00:09:54,0.11,MACAÉ,CARRETA
00:04:49,0.11,DUQUE DE CAXIAS,TOCO
00:03:23,0.11,SÃO PAULO,TOCO
00:03:29,0.11,SÃO PAULO,TOCO
00:03:19,0.11,DUQUE DE CAXIAS,TOCO
00:02:22,0.11,MACAÉ,VUC
00:01:38,0.1,DUQUE DE CAXIAS,VUC
00:01:59,0.1,DUQUE DE CAXIAS,TOCO
00:02:35,0.1,DUQUE DE CAXIAS,TOCO
00:01:59,0.1,DUQUE DE CAXIAS,TOCO
00:25:08,0.1,MACAÉ,CARRETA
00:25:12,0.1,MACAÉ,CARRETA
00:04:01,0.1,DUQUE DE CAXIAS,TOCO
00:01:22,0.1,DUQUE DE CAXIAS,TOCO
00:01:39,0.1,DUQUE DE CAXIAS,VUC
00:03:26,0.1,DUQUE DE CAXIAS,CARRETA
00:02:54,0.09,DUQUE DE CAXIAS,VUC
00:02:27,0.09,MACAÉ,VUC
00:02:44,0.09,DUQUE DE CAXIAS,TOCO
00:03:26,0.09,DUQUE DE CAXIAS,CARRETA
00:03:33,0.09,SÃO PAULO,TOCO
00:02:38,0.09,DUQUE DE CAXIAS,TOCO
00:08:27,0.09,SÃO PAULO,TOCO
00:03:43,0.09,MACAÉ,CARRETA
00:02:24,0.09,MACAÉ,VUC
00:02:26,0.09,DUQUE DE CAXIAS,TOCO
00:02:51,0.09,DUQUE DE CAXIAS,TOCO
00:05:11,0.08,DUQUE DE CAXIAS,TOCO
00:01:37,0.08,DUQUE DE CAXIAS,TOCO
01:48:47,0.08,MACAÉ,VUC
00:12:57,0.08,MACAÉ,CARRETA
00:05:34,0.08,DUQUE DE CAXIAS,VUC
00:10:37,0.08,SÃO PAULO,TOCO
00:02:14,0.08,DUQUE DE CAXIAS,CARRETA
00:01:45,0.08,DUQUE DE CAXIAS,TOCO
00:04:59,0.08,MACAÉ,CARRETA
00:02:31,0.08,DUQUE DE CAXIAS,TOCO
00:01:43,0.08,DUQUE DE CAXIAS,VUC
00:01:11,0.08,DUQUE DE CAXIAS,TOCO
00:02:13,0.07,DUQUE DE CAXIAS,CARRETA
00:04:33,0.07,MACAÉ,CARRETA
00:16:17,0.07,MACAÉ,CARRETA
00:05:26,0.07,MACAÉ,CARRETA
00:01:25,0.07,DUQUE DE CAXIAS,TOCO
00:03:18,0.07,SÃO PAULO,TOCO
00:01:03,0.07,DUQUE DE CAXIAS,TOCO
00:03:59,0.07,SÃO PAULO,TOCO
00:04:34,0.07,SÃO PAULO,TOCO
00:01:25,0.07,DUQUE DE CAXIAS,TOCO
00:13:49,0.07,MACAÉ,CARRETA
00:02:09,0.07,DUQUE DE CAXIAS,TOCO
00:06:21,0.07,MACAÉ,CARRETA
00:00:42,0.06,DUQUE DE CAXIAS,TOCO
00:02:20,0.06,DUQUE DE CAXIAS,TOCO
00:02:05,0.06,DUQUE DE CAXIAS,TOCO
00:01:51,0.06,DUQUE DE CAXIAS,TOCO
00:31:22,0.06,DUQUE DE CAXIAS,TOCO
00:01:15,0.06,DUQUE DE CAXIAS,TOCO
00:05:37,0.06,MACAÉ,CARRETA
00:02:59,0.06,DUQUE DE CAXIAS,TOCO
00:01:44,0.06,DUQUE DE CAXIAS,TOCO
00:01:49,0.06,SÃO PAULO,TOCO
00:04:38,0.06,DUQUE DE CAXIAS,CARRETA
00:00:55,0.06,DUQUE DE CAXIAS,TOCO
00:00:46,0.05,DUQUE DE CAXIAS,TOCO
00:02:42,0.05,SÃO PAULO,TOCO
01:38:25,0.05,RISER,CARRETA
00:12:27,0.05,MACAÉ,CARRETA
00:05:23,0.05,SÃO PAULO,TOCO
00:01:41,0.05,DUQUE DE CAXIAS,TOCO
00:01:54,0.05,SÃO PAULO,VUC
00:03:12,0.05,SÃO PAULO,TOCO
00:01:15,0.04,SÃO PAULO,TOCO
00:01:16,0.04,DUQUE DE CAXIAS,TOCO
00:09:59,0.04,MACAÉ,CARRETA
00:05:26,0.04,DUQUE DE CAXIAS,TOCO
00:05:55,0.04,DUQUE DE CAXIAS,TOCO
00:02:47,0.04,SÃO PAULO,TOCO
00:23:47,0.04,MACAÉ,CARRETA
00:00:57,0.04,DUQUE DE CAXIAS,TOCO
00:01:35,0.04,DUQUE DE CAXIAS,TOCO
00:05:13,0.04,SÃO PAULO,TOCO
00:02:51,0.04,SÃO PAULO,VUC
00:01:26,0.04,SÃO PAULO,TOCO
00:01:18,0.04,SÃO PAULO,TOCO
01:05:14,0.04,DUQUE DE CAXIAS,TOCO
00:34:21,0.04,DUQUE DE CAXIAS,TOCO
00:01:29,0.04,DUQUE DE CAXIAS,TOCO
00:09:13,0.03,MACAÉ,CARRETA
00:01:36,0.03,MACAÉ,CARRETA
00:05:30,0.03,MACAÉ,CARRETA
00:05:48,0.03,DUQUE DE CAXIAS,TOCO
00:03:53,0.03,DUQUE DE CAXIAS,CARRETA
00:02:41,0.03,DUQUE DE CAXIAS,CARRETA
00:01:51,0.03,DUQUE DE CAXIAS,TOCO
00:00:39,0.03,DUQUE DE CAXIAS,VUC
00:01:08,0.03,DUQUE DE CAXIAS,TOCO
00:01:31,0.03,DUQUE DE CAXIAS,TOCO
00:00:58,0.03,DUQUE DE CAXIAS,VUC
00:01:11,0.03,DUQUE DE CAXIAS,VUC
00:00:47,0.03,DUQUE DE CAXIAS,VUC
00:06:04,0.02,DUQUE DE CAXIAS,CARRETA
00:03:49,0.02,SÃO PAULO,TOCO
00:00:44,0.02,VITÓRIA,VUC
00:08:34,0.02,DUQUE DE CAXIAS,CARRETA
00:01:05,0.02,DUQUE DE CAXIAS,TOCO
00:02:20,0.02,DUQUE DE CAXIAS,VUC
00:00:36,0.0,DUQUE DE CAXIAS,CARRETA
00:00:28,0.0,DUQUE DE CAXIAS,CARRETA
00:00:55,0.0,DUQUE DE CAXIAS,CARRETA
00:00:15,0.0,DUQUE DE CAXIAS,CARRETA
00:00:09,0.0,DUQUE DE CAXIAS,CARRETA
00:00:11,0.0,DUQUE DE CAXIAS,CARRETA
00:02:12,0.0,DUQUE DE CAXIAS,CARRETA
00:00:14,0.0,DUQUE DE CAXIAS,CARRETA
00:00:55,0.0,DUQUE DE CAXIAS,CARRETA
00:09:24,0.0,DUQUE DE CAXIAS,CARRETA
00:00:05,0.0,DUQUE DE CAXIAS,CARRETA
00:00:16,0.0,DUQUE DE CAXIAS,CARRETA
00:00:59,0.0,DUQUE DE CAXIAS,CARRETA
00:01:00,0.0,DUQUE DE CAXIAS,CARRETA
00:00:09,0.0,DUQUE DE CAXIAS,CARRETA
00:00:11,0.0,DUQUE DE CAXIAS,CARRETA
00:04:48,0.0,DUQUE DE CAXIAS,CARRETA
00:00:08,0.0,DUQUE DE CAXIAS,CARRETA
00:00:09,0.0,DUQUE DE CAXIAS,CARRETA
00:00:09,0.0,DUQUE DE CAXIAS,CARRETA
00:00:05,0.0,DUQUE DE CAXIAS,CARRETA
00:00:08,0.0,DUQUE DE CAXIAS,CARRETA
00:00:12,0.0,DUQUE DE CAXIAS,CARRETA
00:05:40,0.0,DUQUE DE CAXIAS,CARRETA
00:00:12,0.0,DUQUE DE CAXIAS,CARRETA
00:01:28,0.0,DUQUE DE CAXIAS,CARRETA
00:00:16,0.0,DUQUE DE CAXIAS,CARRETA
00:01:07,0.0,DUQUE DE CAXIAS,CARRETA
00:00:12,0.0,DUQUE DE CAXIAS,CARRETA
00:00:18,0.0,DUQUE DE CAXIAS,CARRETA
00:04:07,0.0,DUQUE DE CAXIAS,CARRETA
00:00:24,0.0,DUQUE DE CAXIAS,CARRETA
00:01:24,0.0,DUQUE DE CAXIAS,CARRETA
00:04:08,0.0,DUQUE DE CAXIAS,CARRETA
00:00:38,0.0,DUQUE DE CAXIAS,CARRETA
00:08:14,0.0,MACAÉ,CARRETA
00:00:39,0.0,MACAÉ,CARRETA
00:00:23,0.0,MACAÉ,CARRETA
00:00:11,0.0,MACAÉ,CARRETA
00:08:51,0.0,MACAÉ,CARRETA
00:01:25,0.0,MACAÉ,CARRETA
00:05:38,0.0,MACAÉ,CARRETA
00:00:55,0.0,MACAÉ,CARRETA
00:22:39,0.0,MACAÉ,CARRETA
00:00:50,0.0,MACAÉ,CARRETA
00:14:39,0.0,MACAÉ,CARRETA
00:00:31,0.0,MACAÉ,CARRETA
00:12:26,0.0,MACAÉ,CARRETA
00:01:07,0.0,MACAÉ,CARRETA
00:00:39,0.0,MACAÉ,CARRETA
00:35:52,0.0,RISER,CARRETA
00:03:38,0.0,MACAÉ,CARRETA
00:00:07,0.0,MACAÉ,CARRETA
00:12:37,0.0,MACAÉ,CARRETA
00:00:07,0.0,MACAÉ,CARRETA
00:00:50,0.0,MACAÉ,CARRETA
00:13:00,0.0,MACAÉ,CARRETA
00:00:10,0.0,MACAÉ,CARRETA
00:16:52,0.0,MACAÉ,CARRETA
00:00:13,0.0,MACAÉ,CARRETA
00:05:38,0.0,MACAÉ,CARRETA
00:07:01,0.0,MACAÉ,CARRETA
00:06:46,0.0,MACAÉ,CARRETA
00:06:28,0.0,MACAÉ,CARRETA
00:00:30,0.0,MACAÉ,CARRETA
00:00:34,0.0,MACAÉ,CARRETA
00:35:58,0.0,MACAÉ,CARRETA
00:39:44,0.0,MACAÉ,CARRETA
00:00:35,0.0,MACAÉ,CARRETA
00:00:17,0.0,MACAÉ,CARRETA
00:18:53,0.0,MACAÉ,CARRETA
00:00:26,0.0,MACAÉ,CARRETA
00:01:07,0.0,MACAÉ,CARRETA
00:01:12,0.0,MACAÉ,CARRETA
00:00:11,0.0,MACAÉ,CARRETA
00:00:15,0.0,MACAÉ,CARRETA
00:00:09,0.0,RISER,CARRETA
00:00:25,0.0,MACAÉ,CARRETA
00:00:56,0.0,MACAÉ,CARRETA
00:00:13,0.0,MACAÉ,CARRETA
00:00:06,0.0,MACAÉ,CARRETA
00:01:03,0.0,MACAÉ,CARRETA
00:03:20,0.0,MACAÉ,CARRETA
00:00:14,0.0,MACAÉ,CARRETA
00:00:30,0.0,MACAÉ,CARRETA
00:00:13,0.0,MACAÉ,CARRETA
00:00:06,0.0,MACAÉ,CARRETA
00:00:39,0.0,MACAÉ,CARRETA
00:00:14,0.0,MACAÉ,CARRETA
00:00:08,0.0,MACAÉ,CARRETA
00:00:20,0.0,MACAÉ,CARRETA
00:00:50,0.0,MACAÉ,CARRETA
00:00:07,0.0,MACAÉ,CARRETA
00:00:07,0.0,MACAÉ,CARRETA
00:00:19,0.0,MACAÉ,CARRETA
00:18:13,0.0,MACAÉ,CARRETA
00:04:18,0.0,MACAÉ,CARRETA
00:13:37,0.0,MACAÉ,CARRETA
00:01:23,0.0,MACAÉ,CARRETA
00:00:10,0.0,MACAÉ,CARRETA
00:00:17,0.0,RISER,CARRETA
00:00:06,0.0,MACAÉ,CARRETA
00:02:43,0.0,MACAÉ,CARRETA
00:11:56,0.0,MACAÉ,CARRETA
00:02:28,0.0,MACAÉ,CARRETA
00:00:06,0.0,RISER,CARRETA
00:00:58,0.0,MACAÉ,CARRETA
00:05:35,0.0,MACAÉ,CARRETA
00:00:20,0.0,MACAÉ,CARRETA
00:00:20,0.0,MACAÉ,CARRETA
00:00:06,0.0,MACAÉ,CARRETA
00:00:07,0.0,MACAÉ,CARRETA
00:01:19,0.0,MACAÉ,CARRETA
00:03:02,0.0,DUQUE DE CAXIAS,TOCO
00:00:20,0.0,DUQUE DE CAXIAS,TOCO
00:00:01,0.0,DUQUE DE CAXIAS,TOCO
00:02:29,0.0,DUQUE DE CAXIAS,TOCO
00:03:37,0.0,DUQUE DE CAXIAS,TOCO
00:00:33,0.0,DUQUE DE CAXIAS,TOCO
00:00:13,0.0,DUQUE DE CAXIAS,TOCO
00:00:14,0.0,DUQUE DE CAXIAS,TOCO
00:00:26,0.0,DUQUE DE CAXIAS,TOCO
00:00:26,0.0,DUQUE DE CAXIAS,TOCO
00:00:30,0.0,DUQUE DE CAXIAS,TOCO
00:01:30,0.0,DUQUE DE CAXIAS,TOCO
00:00:06,0.0,DUQUE DE CAXIAS,TOCO
00:00:51,0.0,DUQUE DE CAXIAS,TOCO
00:01:09,0.0,DUQUE DE CAXIAS,TOCO
00:13:02,0.0,DUQUE DE CAXIAS,TOCO
00:00:23,0.0,DUQUE DE CAXIAS,TOCO
00:00:15,0.0,DUQUE DE CAXIAS,TOCO
00:00:27,0.0,DUQUE DE CAXIAS,TOCO
00:00:06,0.0,DUQUE DE CAXIAS,TOCO
00:00:09,0.0,DUQUE DE CAXIAS,TOCO
00:05:00,0.0,DUQUE DE CAXIAS,TOCO
00:01:51,0.0,DUQUE DE CAXIAS,TOCO
00:01:03,0.0,DUQUE DE CAXIAS,TOCO
00:00:10,0.0,DUQUE DE CAXIAS,TOCO
00:01:18,0.0,DUQUE DE CAXIAS,TOCO
00:00:07,0.0,DUQUE DE CAXIAS,TOCO
00:09:03,0.0,DUQUE DE CAXIAS,TOCO
00:00:38,0.0,DUQUE DE CAXIAS,TOCO
00:00:09,0.0,DUQUE DE CAXIAS,TOCO
00:00:29,0.0,DUQUE DE CAXIAS,TOCO
00:01:04,0.0,DUQUE DE CAXIAS,TOCO
00:00:23,0.0,DUQUE DE CAXIAS,TOCO
00:00:18,0.0,DUQUE DE CAXIAS,TOCO
00:02:27,0.0,DUQUE DE CAXIAS,TOCO
00:00:22,0.0,DUQUE DE CAXIAS,TOCO
00:06:11,0.0,DUQUE DE CAXIAS,TOCO
00:00:05,0.0,DUQUE DE CAXIAS,TOCO
00:00:21,0.0,DUQUE DE CAXIAS,TOCO
00:00:06,0.0,DUQUE DE CAXIAS,TOCO
00:00:06,0.0,DUQUE DE CAXIAS,TOCO
00:00:09,0.0,DUQUE DE CAXIAS,TOCO
18:39:05,0.0,DUQUE DE CAXIAS,TOCO
00:01:07,0.0,DUQUE DE CAXIAS,TOCO
00:00:54,0.0,DUQUE DE CAXIAS,TOCO
00:00:11,0.0,DUQUE DE CAXIAS,TOCO
00:04:31,0.0,DUQUE DE CAXIAS,TOCO
00:00:08,0.0,DUQUE DE CAXIAS,TOCO
00:00:22,0.0,DUQUE DE CAXIAS,TOCO
00:00:54,0.0,DUQUE DE CAXIAS,TOCO
00:01:16,0.0,DUQUE DE CAXIAS,TOCO
00:00:40,0.0,DUQUE DE CAXIAS,TOCO
00:00:51,0.0,DUQUE DE CAXIAS,TOCO
00:04:37,0.0,DUQUE DE CAXIAS,TOCO
00:01:37,0.0,DUQUE DE CAXIAS,TOCO
00:01:22,0.0,DUQUE DE CAXIAS,TOCO
00:07:34,0.0,DUQUE DE CAXIAS,TOCO
00:05:36,0.0,DUQUE DE CAXIAS,TOCO
00:01:09,0.0,DUQUE DE CAXIAS,TOCO
00:00:16,0.0,DUQUE DE CAXIAS,TOCO
00:01:40,0.0,DUQUE DE CAXIAS,TOCO
1900-01-01 14:21:02,0.0,DUQUE DE CAXIAS,TOCO
00:08:41,0.0,DUQUE DE CAXIAS,TOCO
00:06:51,0.0,DUQUE DE CAXIAS,TOCO
00:00:06,0.0,DUQUE DE CAXIAS,TOCO
00:00:32,0.0,DUQUE DE CAXIAS,TOCO
00:00:39,0.0,DUQUE DE CAXIAS,TOCO
00:00:05,0.0,DUQUE DE CAXIAS,TOCO
00:00:14,0.0,DUQUE DE CAXIAS,TOCO
00:01:25,0.0,DUQUE DE CAXIAS,TOCO
00:00:10,0.0,DUQUE DE CAXIAS,TOCO
00:00:14,0.0,DUQUE DE CAXIAS,TOCO
00:01:43,0.0,DUQUE DE CAXIAS,TOCO
00:03:29,0.0,DUQUE DE CAXIAS,TOCO
00:01:01,0.0,DUQUE DE CAXIAS,TOCO
03:10:00,0.0,DUQUE DE CAXIAS,TOCO
00:01:13,0.0,DUQUE DE CAXIAS,TOCO
02:57:49,0.0,DUQUE DE CAXIAS,TOCO
00:03:28,0.0,DUQUE DE CAXIAS,TOCO
00:02:49,0.0,DUQUE DE CAXIAS,TOCO
00:34:12,0.0,DUQUE DE CAXIAS,TOCO
00:02:19,0.0,DUQUE DE CAXIAS,TOCO
00:04:15,0.0,DUQUE DE CAXIAS,TOCO
00:02:42,0.0,DUQUE DE CAXIAS,TOCO
00:14:41,0.0,DUQUE DE CAXIAS,TOCO
00:21:47,0.0,DUQUE DE CAXIAS,TOCO
00:07:03,0.0,DUQUE DE CAXIAS,TOCO
00:02:39,0.0,DUQUE DE CAXIAS,TOCO
00:00:15,0.0,DUQUE DE CAXIAS,TOCO
00:04:20,0.0,DUQUE DE CAXIAS,TOCO
00:02:37,0.0,DUQUE DE CAXIAS,TOCO
00:32:18,0.0,DUQUE DE CAXIAS,TOCO
00:26:50,0.0,DUQUE DE CAXIAS,TOCO
00:03:42,0.0,DUQUE DE CAXIAS,TOCO
00:08:50,0.0,DUQUE DE CAXIAS,TOCO
00:06:32,0.0,DUQUE DE CAXIAS,TOCO
01:03:18,0.0,DUQUE DE CAXIAS,TOCO
00:05:04,0.0,DUQUE DE CAXIAS,TOCO
00:34:39,0.0,DUQUE DE CAXIAS,TOCO
00:22:01,0.0,DUQUE DE CAXIAS,TOCO
00:38:54,0.0,DUQUE DE CAXIAS,TOCO
00:02:44,0.0,DUQUE DE CAXIAS,TOCO
01:22:10,0.0,DUQUE DE CAXIAS,TOCO
00:06:50,0.0,DUQUE DE CAXIAS,TOCO
01:20:12,0.0,DUQUE DE CAXIAS,TOCO
00:01:04,0.0,DUQUE DE CAXIAS,TOCO
00:01:25,0.0,DUQUE DE CAXIAS,TOCO
00:00:50,0.0,DUQUE DE CAXIAS,TOCO
00:15:56,0.0,DUQUE DE CAXIAS,TOCO
00:10:12,0.0,DUQUE DE CAXIAS,TOCO
00:45:19,0.0,DUQUE DE CAXIAS,TOCO
00:02:27,0.0,DUQUE DE CAXIAS,TOCO
00:02:57,0.0,DUQUE DE CAXIAS,TOCO
00:22:22,0.0,DUQUE DE CAXIAS,TOCO
00:27:31,0.0,DUQUE DE CAXIAS,TOCO
00:05:22,0.0,DUQUE DE CAXIAS,TOCO
00:06:00,0.0,SÃO PAULO,TOCO
00:01:49,0.0,SÃO PAULO,TOCO
00:00:19,0.0,SÃO PAULO,TOCO
00:00:15,0.0,SÃO PAULO,TOCO
00:00:07,0.0,SÃO PAULO,TOCO
00:01:21,0.0,SÃO PAULO,TOCO
00:00:16,0.0,SÃO PAULO,TOCO
00:01:26,0.0,SÃO PAULO,TOCO
00:00:20,0.0,SÃO PAULO,TOCO
00:13:57,0.0,SÃO PAULO,TOCO
00:01:15,0.0,SÃO PAULO,TOCO
00:00:10,0.0,SÃO PAULO,TOCO
00:00:06,0.0,SÃO PAULO,TOCO
00:05:49,0.0,SÃO PAULO,TOCO
00:00:06,0.0,SÃO PAULO,TOCO
00:00:10,0.0,SÃO PAULO,TOCO
00:17:15,0.0,SÃO PAULO,TOCO
00:02:58,0.0,SÃO PAULO,TOCO
00:04:08,0.0,SÃO PAULO,TOCO
00:00:09,0.0,SÃO PAULO,TOCO
00:00:25,0.0,SÃO PAULO,TOCO
00:00:32,0.0,SÃO PAULO,TOCO
00:00:12,0.0,SÃO PAULO,TOCO
00:04:22,0.0,SÃO PAULO,TOCO
00:00:08,0.0,SÃO PAULO,TOCO
00:02:07,0.0,SÃO PAULO,TOCO
00:02:12,0.0,SÃO PAULO,TOCO
00:00:52,0.0,SÃO PAULO,TOCO
00:00:19,0.0,SÃO PAULO,TOCO
00:01:15,0.0,SÃO PAULO,TOCO
00:00:33,0.0,SÃO PAULO,TOCO
00:02:04,0.0,SÃO PAULO,TOCO
00:00:06,0.0,SÃO PAULO,TOCO
00:03:19,0.0,SÃO PAULO,TOCO
00:02:23,0.0,SÃO PAULO,TOCO
00:00:08,0.0,SÃO PAULO,TOCO
00:01:02,0.0,SÃO PAULO,TOCO
00:11:26,0.0,SÃO PAULO,TOCO
00:09:36,0.0,SÃO PAULO,TOCO
00:00:07,0.0,SÃO PAULO,TOCO
00:04:51,0.0,SÃO PAULO,TOCO
00:06:59,0.0,SÃO PAULO,TOCO
00:00:18,0.0,SÃO PAULO,TOCO
00:03:31,0.0,SÃO PAULO,TOCO
00:00:18,0.0,SÃO PAULO,TOCO
00:00:15,0.0,SÃO PAULO,TOCO
00:00:11,0.0,SÃO PAULO,TOCO
00:03:05,0.0,SÃO PAULO,TOCO
00:00:33,0.0,SÃO PAULO,TOCO
00:00:39,0.0,SÃO PAULO,TOCO
00:00:40,0.0,SÃO PAULO,TOCO
00:00:09,0.0,SÃO PAULO,TOCO
00:00:26,0.0,SÃO PAULO,TOCO
00:00:08,0.0,SÃO PAULO,TOCO
00:01:50,0.0,SÃO PAULO,TOCO
00:00:39,0.0,SÃO PAULO,TOCO
00:00:08,0.0,SÃO PAULO,TOCO
00:00:06,0.0,SÃO PAULO,TOCO
00:00:06,0.0,SÃO PAULO,TOCO
00:04:46,0.0,SÃO PAULO,TOCO
00:02:26,0.0,SÃO PAULO,TOCO
00:00:11,0.0,SÃO PAULO,TOCO
00:00:49,0.0,SÃO PAULO,TOCO
00:02:56,0.0,SÃO PAULO,TOCO
00:00:41,0.0,SÃO PAULO,TOCO
00:00:06,0.0,SÃO PAULO,TOCO
00:02:12,0.0,SÃO PAULO,TOCO
00:04:02,0.0,SÃO PAULO,TOCO
1900-01-01 23:25:34,0.0,SÃO PAULO,TOCO
00:10:09,0.0,SÃO PAULO,TOCO
00:03:21,0.0,SÃO PAULO,TOCO
00:48:26,0.0,SÃO PAULO,TOCO
00:00:08,0.0,SÃO PAULO,TOCO
00:02:23,0.0,SÃO PAULO,TOCO
00:00:37,0.0,SÃO PAULO,TOCO
00:01:02,0.0,SÃO PAULO,TOCO
00:06:38,0.0,SÃO PAULO,TOCO
00:02:47,0.0,SÃO PAULO,TOCO
00:04:31,0.0,SÃO PAULO,TOCO
00:05:06,0.0,SÃO PAULO,TOCO
00:04:54,0.0,SÃO PAULO,TOCO
00:00:23,0.0,SÃO PAULO,TOCO
00:13:57,0.0,SÃO PAULO,TOCO
00:01:45,0.0,SÃO PAULO,TOCO
00:01:20,0.0,SÃO PAULO,TOCO
00:00:07,0.0,SÃO PAULO,TOCO
00:03:46,0.0,SÃO PAULO,TOCO
00:03:24,0.0,SÃO PAULO,TOCO
00:01:03,0.0,SÃO PAULO,TOCO
00:00:58,0.0,SÃO PAULO,TOCO
00:01:53,0.0,SÃO PAULO,TOCO
00:07:07,0.0,SÃO PAULO,TOCO
00:01:31,0.0,SÃO PAULO,TOCO
00:03:11,0.0,SÃO PAULO,TOCO
00:00:18,0.0,SÃO PAULO,TOCO
00:01:28,0.0,SÃO PAULO,TOCO
00:06:29,0.0,SÃO PAULO,TOCO
00:02:49,0.0,SÃO PAULO,TOCO
00:00:09,0.0,SÃO PAULO,TOCO
00:03:26,0.0,SÃO PAULO,TOCO
00:03:11,0.0,SÃO PAULO,TOCO
00:00:10,0.0,MACAÉ,VUC
00:04:47,0.0,MACAÉ,VUC
00:00:11,0.0,MACAÉ,VUC
01:15:56,0.0,MACAÉ,VUC
00:00:17,0.0,MACAÉ,VUC
00:00:49,0.0,MACAÉ,VUC
04:46:18,0.0,MACAÉ,VUC
1900-01-02 03:10:35,0.0,MACAÉ,VUC
00:27:14,0.0,MACAÉ,VUC
00:02:01,0.0,MACAÉ,VUC
00:02:42,0.0,MACAÉ,VUC
00:00:45,0.0,MACAÉ,VUC
00:00:29,0.0,MACAÉ,VUC
00:00:08,0.0,MACAÉ,VUC
00:00:26,0.0,SÃO PAULO,VUC
00:00:06,0.0,SÃO PAULO,VUC
00:03:11,0.0,SÃO PAULO,VUC
00:01:25,0.0,SÃO PAULO,VUC
00:00:40,0.0,SÃO PAULO,VUC
00:00:40,0.0,SÃO PAULO,VUC
00:00:10,0.0,SÃO PAULO,VUC
00:00:11,0.0,SÃO PAULO,VUC
00:00:46,0.0,SÃO PAULO,VUC
00:00:08,0.0,SÃO PAULO,VUC
00:00:58,0.0,SÃO PAULO,VUC
00:00:10,0.0,SÃO PAULO,VUC
00:00:27,0.0,SÃO PAULO,VUC
00:01:00,0.0,SÃO PAULO,VUC
00:00:10,0.0,SÃO PAULO,VUC
00:00:19,0.0,SÃO PAULO,VUC
00:00:45,0.0,SÃO PAULO,VUC
00:00:40,0.0,SÃO PAULO,VUC
00:01:44,0.0,SÃO PAULO,VUC
00:00:06,0.0,SÃO PAULO,VUC
00:10:51,0.0,SÃO PAULO,VUC
00:04:51,0.0,SÃO PAULO,VUC
00:00:27,0.0,SÃO PAULO,VUC
00:01:20,0.0,SÃO PAULO,VUC
00:00:14,0.0,SÃO PAULO,VUC
00:00:09,0.0,SÃO PAULO,VUC
00:00:52,0.0,SÃO PAULO,VUC
00:00:13,0.0,SÃO PAULO,VUC
00:00:26,0.0,SÃO PAULO,VUC
00:00:21,0.0,SÃO PAULO,VUC
00:00:32,0.0,SÃO PAULO,VUC
00:00:05,0.0,SÃO PAULO,VUC
00:00:56,0.0,SÃO PAULO,VUC
00:02:17,0.0,SÃO PAULO,VUC
00:00:12,0.0,VITÓRIA,VUC
00:00:06,0.0,VITÓRIA,VUC
00:01:06,0.0,VITÓRIA,VUC
00:00:07,0.0,VITÓRIA,VUC
00:00:16,0.0,VITÓRIA,VUC
00:00:16,0.0,VITÓRIA,VUC
00:00:57,0.0,VITÓRIA,VUC
00:00:59,0.0,VITÓRIA,VUC
00:01:01,0.0,VITÓRIA,VUC
00:01:23,0.0,VITÓRIA,VUC
00:00:06,0.0,VITÓRIA,VUC
00:00:06,0.0,VITÓRIA,VUC
00:00:19,0.0,VITÓRIA,VUC
00:00:12,0.0,VITÓRIA,VUC
00:00:06,0.0,VITÓRIA,VUC
00:00:08,0.0,VITÓRIA,VUC
00:00:13,0.0,VITÓRIA,VUC
00:00:51,0.0,VITÓRIA,VUC
00:00:06,0.0,VITÓRIA,VUC
00:00:05,0.0,VITÓRIA,VUC
00:00:10,0.0,VITÓRIA,VUC
00:00:06,0.0,VITÓRIA,VUC
00:00:06,0.0,VITÓRIA,VUC
00:01:10,0.0,VITÓRIA,VUC
00:00:10,0.0,VITÓRIA,VUC
00:00:11,0.0,VITÓRIA,VUC
00:00:06,0.0,VITÓRIA,VUC
00:00:31,0.0,DUQUE DE CAXIAS,VUC
00:02:18,0.0,DUQUE DE CAXIAS,VUC
00:00:10,0.0,DUQUE DE CAXIAS,VUC
00:01:20,0.0,DUQUE DE CAXIAS,VUC
00:00:06,0.0,DUQUE DE CAXIAS,VUC
00:02:39,0.0,DUQUE DE CAXIAS,VUC
00:00:06,0.0,DUQUE DE CAXIAS,VUC
00:01:15,0.0,DUQUE DE CAXIAS,VUC
00:00:09,0.0,DUQUE DE CAXIAS,VUC
00:15:04,0.0,DUQUE DE CAXIAS,VUC
00:00:10,0.0,DUQUE DE CAXIAS,VUC
00:00:08,0.0,DUQUE DE CAXIAS,VUC
00:00:10,0.0,DUQUE DE CAXIAS,VUC
00:00:16,0.0,DUQUE DE CAXIAS,VUC
00:00:26,0.0,DUQUE DE CAXIAS,VUC
00:01:29,0.0,DUQUE DE CAXIAS,VUC
00:00:07,0.0,DUQUE DE CAXIAS,VUC
00:03:14,0.0,DUQUE DE CAXIAS,VUC
00:00:05,0.0,DUQUE DE CAXIAS,VUC
00:30:27,0.0,DUQUE DE CAXIAS,VUC
00:00:14,0.0,DUQUE DE CAXIAS,VUC
00:00:42,0.0,DUQUE DE CAXIAS,VUC
00:00:06,0.0,DUQUE DE CAXIAS,VUC
00:00:08,0.0,DUQUE DE CAXIAS,VUC
00:00:05,0.0,DUQUE DE CAXIAS,VUC
00:00:05,0.0,DUQUE DE CAXIAS,VUC
00:00:05,0.0,DUQUE DE CAXIAS,VUC
00:00:08,0.0,DUQUE DE CAXIAS,VUC
00:00:05,0.0,DUQUE DE CAXIAS,VUC
1900-01-01 05:58:09,0.0,DUQUE DE CAXIAS,CARRETA
